date,market,segment,orders,sessions,order_attempts,cancellations,gross_bookings,net_revenue,driver_hours,active_delivery_hours,fulfillment_rate
2023-01-01,new_york,all,3046,37412,3275,237,118717.44,21445.33,1384.0,1076.9,0.9301
2023-01-02,new_york,all,2400,29212,2532,232,97410.79,18455.24,1226.3,883.7,0.9479
2023-01-03,new_york,all,2652,32459,2832,307,104914.52,19453.4,1221.0,989.9,0.9364
2023-01-04,new_york,all,2721,33470,2918,268,92306.43,16411.37,1281.2,931.6,0.9325
2023-01-05,new_york,all,2627,31230,2837,236,97170.89,16913.24,1192.3,912.2,0.926
2023-01-06,new_york,all,2877,34685,2996,265,111529.91,19351.38,1591.2,1178.7,0.9603
2023-01-07,new_york,all,3534,40410,3691,259,134732.56,23322.16,1702.8,1315.2,0.9575
2023-01-08,new_york,all,3113,37225,3245,369,122712.59,23209.09,1510.8,1130.1,0.9593
2023-01-09,new_york,all,2410,30339,2514,206,96447.07,17412.78,1171.8,944.5,0.9586
2023-01-10,new_york,all,2407,29476,2549,191,95488.75,16853.67,1287.9,978.3,0.9443
2023-01-11,new_york,all,2637,33052,2847,222,100436.79,19158.98,1326.4,1039.7,0.9262
2023-01-12,new_york,all,2823,35156,3047,334,98652.0,18803.61,1522.9,1134.4,0.9265
2023-01-13,new_york,all,3080,36383,3254,230,115879.45,21573.86,1450.6,1047.2,0.9465
2023-01-14,new_york,all,3656,43045,3882,414,143686.32,28456.89,1700.1,1292.8,0.9418
2023-01-15,new_york,all,3191,38462,3424,336,116155.24,21089.43,1631.3,1262.1,0.932
2023-01-16,new_york,all,2501,30084,2693,279,99327.72,19376.44,1201.3,920.1,0.9287
2023-01-17,new_york,all,2688,32226,2796,319,108188.39,18635.9,1430.4,1167.5,0.9614
2023-01-18,new_york,all,2619,31224,2767,294,101471.11,19502.23,1404.9,1110.8,0.9465
2023-01-19,new_york,all,2888,35054,3095,338,94155.22,18798.41,1441.0,1181.0,0.9331
2023-01-20,new_york,all,3241,37559,3387,247,116804.6,22823.38,1763.9,1322.1,0.9569
2023-01-21,new_york,all,3310,40939,3482,363,139453.33,26132.15,1659.3,1325.6,0.9506
2023-01-22,new_york,all,3049,36533,3291,297,114178.69,21557.28,1470.4,1140.4,0.9265
2023-01-23,new_york,all,2613,32621,2820,254,90620.21,16365.89,1302.7,1017.6,0.9266
2023-01-24,new_york,all,2542,31107,2733,292,103911.5,19783.14,1183.7,969.0,0.9301
2023-01-25,new_york,all,2558,31735,2737,303,98548.76,19030.93,1357.5,1066.2,0.9346
2023-01-26,new_york,all,2790,34333,2911,294,113349.36,22663.85,1269.9,1028.5,0.9584
2023-01-27,new_york,all,3379,38766,3535,318,131893.0,24370.38,1643.3,1302.4,0.9559
2023-01-28,new_york,all,3591,42896,3797,333,141423.37,24302.07,1828.4,1339.7,0.9457
2023-01-29,new_york,all,3256,38447,3445,291,127631.27,23978.82,1490.1,1177.1,0.9451
2023-01-30,new_york,all,2558,31523,2699,225,101917.54,17689.9,1189.2,913.8,0.9478
2023-01-31,new_york,all,2856,34981,3033,256,122476.86,21720.41,1474.2,1196.9,0.9416
2023-02-01,new_york,all,2566,31472,2695,191,103587.33,18631.57,1171.2,937.8,0.9521
2023-02-02,new_york,all,2830,34408,3021,209,100345.71,19259.44,1405.9,1026.9,0.9368
2023-02-03,new_york,all,3092,35976,3236,337,121700.57,21360.18,1476.8,1083.1,0.9555
2023-02-04,new_york,all,3591,41391,3758,331,146144.19,25571.23,1693.9,1231.4,0.9556
2023-02-05,new_york,all,3264,38613,3383,380,133220.81,22827.24,1550.5,1192.8,0.9648
2023-02-06,new_york,all,2601,31528,2704,262,98002.52,19227.82,1372.6,999.4,0.9619
2023-02-07,new_york,all,2378,29853,2550,171,96885.71,18486.29,1276.2,1011.2,0.9325
2023-02-08,new_york,all,2520,30958,2652,196,101520.48,17380.14,1146.0,888.4,0.9502
2023-02-09,new_york,all,2913,35070,3034,234,126575.96,21625.35,1615.4,1298.1,0.9601
2023-02-10,new_york,all,3218,37656,3437,382,119247.0,22270.6,1638.1,1225.3,0.9363
2023-02-11,new_york,all,3534,41890,3738,286,132607.18,23667.2,1807.4,1395.2,0.9454
2023-02-12,new_york,all,3210,37548,3310,307,121693.41,22866.41,1668.3,1220.8,0.9698
2023-02-13,new_york,all,2511,30495,2626,293,94303.93,17261.21,1284.6,1038.5,0.9562
2023-02-14,new_york,all,2722,32601,2828,324,100133.42,19796.31,1469.4,1083.7,0.9625
2023-02-15,new_york,all,2748,33515,2921,225,91183.72,16288.54,1363.6,995.8,0.9408
2023-02-16,new_york,all,2878,35551,3004,209,108394.7,20635.57,1469.1,1087.9,0.9581
2023-02-17,new_york,all,3125,36953,3229,243,122534.42,21029.56,1508.2,1207.5,0.9678
2023-02-18,new_york,all,3397,42962,3508,249,127559.21,25342.93,1585.8,1158.6,0.9684
2023-02-19,new_york,all,3162,37356,3349,252,133517.37,26626.4,1636.9,1279.1,0.9442
2023-02-20,new_york,all,2366,31310,2440,233,91151.92,17516.87,1085.5,862.6,0.9697
2023-02-21,new_york,all,2646,33617,2838,306,108446.92,19949.5,1274.4,1013.3,0.9323
2023-02-22,new_york,all,2602,31629,2700,252,101486.42,17922.48,1204.8,890.4,0.9637
2023-02-23,new_york,all,2867,34828,3040,290,114940.42,22341.6,1350.1,980.4,0.9431
2023-02-24,new_york,all,2985,36381,3141,239,116527.06,22383.76,1530.4,1170.6,0.9503
2023-02-25,new_york,all,3402,41080,3579,374,139940.97,24721.78,1773.4,1312.8,0.9505
2023-02-26,new_york,all,3303,38274,3414,333,127521.18,23404.79,1611.8,1273.2,0.9675
2023-02-27,new_york,all,2659,32938,2845,301,104910.93,19291.44,1220.6,922.4,0.9346
2023-02-28,new_york,all,2654,31151,2852,312,104050.58,20268.25,1309.5,1001.7,0.9306
2023-03-01,new_york,all,2688,32975,2770,235,101996.3,19431.86,1310.5,958.4,0.9704
2023-03-02,new_york,all,2622,31897,2724,195,102991.09,19495.7,1362.4,1058.3,0.9626
2023-03-03,new_york,all,3222,37158,3464,262,137905.45,26132.37,1641.2,1212.1,0.9301
2023-03-04,new_york,all,3472,41224,3672,319,131864.77,23486.98,1730.5,1363.5,0.9455
2023-03-05,new_york,all,3165,38445,3284,371,124408.14,22536.7,1554.7,1130.4,0.9638
2023-03-06,new_york,all,2678,32918,2785,238,109587.04,18779.92,1464.0,1197.0,0.9616
2023-03-07,new_york,all,2776,34074,2951,301,112969.29,21871.78,1442.6,1137.4,0.9407
2023-03-08,new_york,all,2573,32446,2743,250,99118.53,18137.69,1259.7,929.9,0.938
2023-03-09,new_york,all,2835,34953,3005,224,96140.45,17607.85,1413.7,1019.9,0.9434
2023-03-10,new_york,all,3322,40149,3580,286,131201.24,23269.94,1511.0,1138.5,0.9279
2023-03-11,new_york,all,3482,40699,3672,357,119180.2,21009.42,1903.0,1399.2,0.9483
2023-03-12,new_york,all,3056,36361,3194,317,126303.35,23698.89,1481.2,1098.8,0.9568
2023-03-13,new_york,all,2419,29840,2549,222,93920.67,16621.76,1121.5,905.4,0.949
2023-03-14,new_york,all,2458,30207,2576,200,99363.11,17083.13,1331.3,1038.8,0.9542
2023-03-15,new_york,all,2789,34051,2904,296,102533.22,19791.5,1485.1,1095.5,0.9604
2023-03-16,new_york,all,2893,35055,2986,227,102734.55,18625.17,1299.8,1008.2,0.9689
2023-03-17,new_york,all,3193,38782,3345,373,124533.23,22591.21,1465.8,1092.9,0.9546
2023-03-18,new_york,all,3326,40443,3544,264,127835.85,23386.23,1494.9,1222.3,0.9385
2023-03-19,new_york,all,3266,38041,3367,246,122650.66,23849.59,1666.7,1205.5,0.97
2023-03-20,new_york,all,2678,33123,2817,254,103539.44,18598.28,1214.8,963.6,0.9507
2023-03-21,new_york,all,2455,30988,2608,236,107596.06,20738.18,1342.3,1070.2,0.9413
2023-03-22,new_york,all,2717,33036,2881,259,108969.26,21596.22,1479.3,1075.0,0.9431
2023-03-23,new_york,all,2776,33734,2967,255,112484.31,21352.45,1394.1,1027.7,0.9356
2023-03-24,new_york,all,3040,37339,3254,364,121978.72,22316.06,1539.7,1167.8,0.9342
2023-03-25,new_york,all,3520,41711,3751,332,145544.84,28007.73,1690.8,1364.2,0.9384
2023-03-26,new_york,all,3135,36780,3245,294,119550.44,21965.83,1412.6,1092.9,0.9661
2023-03-27,new_york,all,2582,31440,2721,235,89194.12,16271.93,1358.7,1067.3,0.9489
2023-03-28,new_york,all,2580,31249,2735,189,98393.39,18277.41,1226.7,979.3,0.9433
2023-03-29,new_york,all,2675,33758,2788,267,107167.43,19239.95,1246.9,1001.0,0.9595
2023-03-30,new_york,all,2967,36156,3062,242,108690.51,18817.32,1438.3,1104.1,0.969
2023-03-31,new_york,all,3259,39038,3393,332,124365.05,22689.85,1469.3,1132.7,0.9605
2023-04-01,new_york,all,3645,43820,3837,264,135478.61,23534.76,1769.4,1401.0,0.95
2023-04-02,new_york,all,3350,39203,3520,399,138661.21,25279.78,1724.7,1287.2,0.9517
2023-04-03,new_york,all,2548,30350,2647,238,101774.01,19002.02,1370.0,1103.5,0.9626
2023-04-04,new_york,all,2708,32069,2901,311,107654.42,21307.11,1370.4,989.5,0.9335
2023-04-05,new_york,all,2593,30984,2791,243,102933.24,17610.51,1376.0,1017.7,0.9291
2023-04-06,new_york,all,2678,32914,2785,196,102910.97,19413.51,1311.5,1049.2,0.9616
2023-04-07,new_york,all,3117,36844,3355,346,121189.88,22266.47,1651.3,1245.1,0.9291
2023-04-08,new_york,all,3466,40633,3573,355,125533.39,21416.98,1716.8,1261.8,0.9701
2023-04-09,new_york,all,3377,40107,3634,368,115801.04,20553.11,1594.2,1177.6,0.9293
2023-04-10,new_york,all,2558,31294,2756,234,99222.02,17220.43,1379.2,1066.2,0.9282
2023-04-11,new_york,all,2655,32035,2736,271,103873.37,18334.05,1256.6,1011.1,0.9704
2023-04-12,new_york,all,2917,35823,3116,329,119094.79,21227.11,1308.6,951.4,0.9361
2023-04-13,new_york,all,2816,35050,3037,286,116933.9,21286.55,1343.4,971.3,0.9272
2023-04-14,new_york,all,3346,40171,3598,292,138933.44,25823.72,1624.9,1245.5,0.93
2023-04-15,new_york,all,3445,40501,3716,355,126013.98,21426.12,1668.6,1360.9,0.9271
2023-04-16,new_york,all,3245,38631,3432,336,122732.03,21460.44,1639.5,1226.2,0.9455
2023-04-17,new_york,all,2522,30729,2608,298,99428.95,17182.02,1355.5,1106.0,0.967
2023-04-18,new_york,all,2594,31400,2782,230,112511.94,20982.37,1239.0,1002.1,0.9324
2023-04-19,new_york,all,2770,34236,2938,253,114537.26,20602.07,1397.8,1046.0,0.9428
2023-04-20,new_york,all,2801,33842,2971,310,113874.21,21232.07,1365.7,1094.9,0.9428
2023-04-21,new_york,all,3325,39290,3494,317,125530.41,22175.54,1767.3,1393.7,0.9516
2023-04-22,new_york,all,3454,42165,3656,369,127106.65,21700.52,1609.9,1241.5,0.9447
2023-04-23,new_york,all,3263,37760,3386,303,130580.85,25886.48,1490.4,1136.1,0.9637
2023-04-24,new_york,all,2386,29562,2546,193,86805.61,15039.01,1180.8,946.5,0.9372
2023-04-25,new_york,all,2511,31850,2596,269,95520.98,16602.1,1310.2,1047.3,0.9673
2023-04-26,new_york,all,2678,33545,2856,205,102511.3,17877.6,1424.8,1133.7,0.9377
2023-04-27,new_york,all,2858,35780,3065,228,118796.64,23692.6,1461.4,1198.1,0.9325
2023-04-28,new_york,all,3196,38009,3367,324,120863.8,22786.43,1689.7,1297.4,0.9492
2023-04-29,new_york,all,3819,45709,4031,410,129099.17,24310.5,1869.2,1496.7,0.9474
2023-04-30,new_york,all,3140,37639,3283,360,123939.12,24738.37,1433.8,1156.0,0.9564
2023-05-01,new_york,all,2504,30331,2700,209,93034.57,16062.71,1169.9,867.1,0.9274
2023-05-02,new_york,all,2743,33415,2926,207,105830.6,21085.16,1258.6,911.5,0.9375
2023-05-03,new_york,all,2795,34069,2930,329,107141.0,18869.72,1348.2,1025.3,0.9539
2023-05-04,new_york,all,3179,38680,3302,247,120716.55,22778.26,1608.9,1296.2,0.9627
2023-05-05,new_york,all,3410,40096,3550,272,136472.99,24920.31,1659.4,1242.7,0.9606
2023-05-06,new_york,all,3489,43370,3675,295,124031.28,22513.98,1775.1,1402.3,0.9494
2023-05-07,new_york,all,3520,42214,3791,340,132016.71,26131.03,1757.4,1266.6,0.9285
2023-05-08,new_york,all,2444,31350,2607,279,97312.19,16978.72,1269.2,958.9,0.9375
2023-05-09,new_york,all,2647,32447,2755,286,98780.45,19747.4,1356.7,1060.3,0.9608
2023-05-10,new_york,all,2710,33245,2908,286,95942.26,17401.41,1316.2,964.7,0.9319
2023-05-11,new_york,all,2979,35787,3125,235,118525.38,22456.2,1486.4,1203.5,0.9533
2023-05-12,new_york,all,3208,37299,3441,282,130443.56,25963.12,1625.7,1195.9,0.9323
2023-05-13,new_york,all,3627,43002,3780,341,139325.34,23926.07,1849.5,1499.9,0.9595
2023-05-14,new_york,all,3290,39562,3490,255,114246.47,22584.92,1577.3,1169.8,0.9427
2023-05-15,new_york,all,2487,30217,2677,208,99129.31,18540.59,1194.0,978.4,0.929
2023-05-16,new_york,all,2558,31713,2668,218,90309.46,17261.02,1351.8,1055.0,0.9588
2023-05-17,new_york,all,2806,34417,2987,214,109698.99,19139.79,1434.3,1044.8,0.9394
2023-05-18,new_york,all,3167,38089,3418,309,116519.1,21672.74,1460.8,1061.3,0.9266
2023-05-19,new_york,all,3574,43033,3708,376,129619.36,24654.3,1742.1,1267.4,0.9639
2023-05-20,new_york,all,4050,47450,4189,298,152479.76,28008.61,2172.7,1692.5,0.9668
2023-05-21,new_york,all,3464,40688,3685,326,132141.74,23078.5,1545.8,1238.1,0.94
2023-05-22,new_york,all,2519,31494,2637,275,93857.69,16643.18,1358.4,1032.8,0.9553
2023-05-23,new_york,all,2489,29941,2573,267,98647.17,19298.52,1202.7,919.4,0.9674
2023-05-24,new_york,all,2758,33359,2906,305,103814.75,17755.87,1375.5,1071.4,0.9491
2023-05-25,new_york,all,2762,33811,2949,255,111548.53,21335.43,1335.1,1032.4,0.9366
2023-05-26,new_york,all,3211,38817,3353,357,125361.48,25070.0,1461.7,1153.0,0.9576
2023-05-27,new_york,all,3473,42074,3635,285,129046.96,21966.95,1869.9,1434.5,0.9554
2023-05-28,new_york,all,3365,40499,3608,296,123943.27,21669.17,1686.8,1334.9,0.9326
2023-05-29,new_york,all,2778,33702,2934,219,98142.77,18669.14,1511.0,1238.6,0.9468
2023-05-30,new_york,all,2742,34288,2940,256,107101.59,18400.02,1303.0,983.8,0.9327
2023-05-31,new_york,all,2752,33463,2896,247,104073.54,19533.95,1474.1,1063.2,0.9503
2023-06-01,new_york,all,2794,35147,3011,229,94810.26,18063.25,1526.4,1118.2,0.9279
2023-06-02,new_york,all,2963,35416,3148,319,111019.9,20832.26,1494.9,1159.1,0.9412
2023-06-03,new_york,all,3584,42569,3712,307,131767.59,23844.08,1678.0,1265.9,0.9655
2023-06-04,new_york,all,3552,40311,3816,297,147525.85,28165.41,1838.8,1496.8,0.9308
2023-06-05,new_york,all,2827,35659,2981,216,99573.02,18702.68,1408.3,1102.3,0.9483
2023-06-06,new_york,all,2856,34030,2962,263,102031.74,17980.96,1560.9,1205.1,0.9642
2023-06-07,new_york,all,2805,34299,2911,239,113985.92,21303.29,1358.7,1086.7,0.9636
2023-06-08,new_york,all,2888,35133,3074,255,118730.79,23325.52,1370.5,1022.2,0.9395
2023-06-09,new_york,all,3046,36173,3145,249,112902.76,21452.09,1424.2,1142.2,0.9685
2023-06-10,new_york,all,3452,40730,3605,373,128701.73,23700.91,1799.1,1295.9,0.9576
2023-06-11,new_york,all,3269,39034,3390,381,129734.36,23306.46,1798.3,1406.2,0.9643
2023-06-12,new_york,all,3002,35785,3158,285,102129.04,17625.08,1358.4,1105.0,0.9506
2023-06-13,new_york,all,2644,32732,2778,270,92321.08,16372.11,1403.1,1120.8,0.9518
2023-06-14,new_york,all,2997,35946,3165,340,113764.89,19378.21,1640.3,1321.0,0.9469
2023-06-15,new_york,all,2850,35413,2975,342,118228.09,23598.18,1310.5,995.6,0.958
2023-06-16,new_york,all,3467,41322,3577,349,130571.45,23068.64,1612.3,1293.7,0.9692
2023-06-17,new_york,all,3532,42970,3746,404,136668.28,26574.64,1845.1,1430.1,0.9429
2023-06-18,new_york,all,3306,39004,3467,382,134496.49,23544.87,1695.3,1325.5,0.9536
2023-06-19,new_york,all,2754,32831,2926,302,117198.54,20920.88,1238.1,898.7,0.9412
2023-06-20,new_york,all,2703,33208,2799,252,101064.0,18449.06,1448.2,1071.9,0.9657
2023-06-21,new_york,all,2737,33698,2821,203,105285.79,18923.24,1383.1,1072.0,0.9702
2023-06-22,new_york,all,2844,35684,2965,201,119469.21,23171.12,1554.2,1128.2,0.9592
2023-06-23,new_york,all,3153,37707,3320,296,112151.47,22287.95,1681.6,1335.4,0.9497
2023-06-24,new_york,all,3270,40211,3433,310,132363.37,25977.48,1723.6,1385.8,0.9525
2023-06-25,new_york,all,3301,40027,3534,298,120617.69,21060.73,1662.6,1350.1,0.9341
2023-06-26,new_york,all,2918,35624,3061,287,112918.6,21827.24,1385.5,1011.7,0.9533
2023-06-27,new_york,all,2848,34031,3009,278,108317.87,18894.8,1397.4,1137.4,0.9465
2023-06-28,new_york,all,2886,33512,3058,323,105788.72,20882.84,1333.4,969.1,0.9438
2023-06-29,new_york,all,3030,37603,3124,229,110920.81,20579.84,1535.3,1178.2,0.9699
2023-06-30,new_york,all,3544,41012,3742,288,138329.75,24912.0,1628.1,1309.0,0.9471
2023-07-01,new_york,all,3802,45040,3982,417,153663.2,26846.62,1925.5,1399.9,0.9548
2023-07-02,new_york,all,3263,38958,3430,367,124810.59,21262.02,1513.5,1092.5,0.9513
2023-07-03,new_york,all,2833,34453,2932,339,109452.86,19421.14,1341.5,969.2,0.9662
2023-07-04,new_york,all,2769,33921,2960,315,109651.04,21647.37,1305.4,1006.6,0.9355
2023-07-05,new_york,all,2935,35914,3161,336,107507.98,20847.72,1503.4,1204.5,0.9285
2023-07-06,new_york,all,3042,37622,3137,261,121448.53,24179.65,1635.0,1198.0,0.9697
2023-07-07,new_york,all,3005,36802,3186,271,120432.09,20837.5,1362.1,997.7,0.9432
2023-07-08,new_york,all,3289,40403,3513,274,143110.9,26871.27,1752.6,1361.5,0.9362
2023-07-09,new_york,all,3612,42444,3772,362,136446.91,24248.6,1959.5,1456.8,0.9576
2023-07-10,new_york,all,2889,35628,3089,338,108678.96,20245.61,1393.3,1104.9,0.9353
2023-07-11,new_york,all,2740,34018,2909,239,109545.91,19675.94,1424.4,1160.8,0.9419
2023-07-12,new_york,all,2844,34874,3061,278,113978.35,20345.59,1372.1,1093.0,0.9291
2023-07-13,new_york,all,3169,38262,3420,269,118742.29,22230.38,1472.3,1189.2,0.9266
2023-07-14,new_york,all,3168,37579,3270,249,119509.35,20973.84,1568.2,1210.6,0.9688
2023-07-15,new_york,all,3436,41451,3616,274,135865.2,25009.25,1560.0,1253.0,0.9502
2023-07-16,new_york,all,3573,41523,3778,260,131868.35,24992.27,1934.3,1428.1,0.9457
2023-07-17,new_york,all,2812,33433,2917,330,106039.74,18434.53,1524.6,1108.1,0.964
2023-07-18,new_york,all,2810,34130,2942,253,108669.63,21507.66,1490.6,1171.0,0.9551
2023-07-19,new_york,all,2863,34446,3090,320,115714.39,21427.04,1438.2,1043.0,0.9265
2023-07-20,new_york,all,3087,36945,3182,321,115256.69,22427.32,1558.0,1260.8,0.9701
2023-07-21,new_york,all,3686,42915,3880,293,128838.27,24429.95,2026.1,1598.9,0.95
2023-07-22,new_york,all,3759,44212,4030,296,130852.86,25032.16,1799.5,1467.0,0.9328
2023-07-23,new_york,all,3446,40535,3605,381,124316.62,23804.63,1537.5,1155.3,0.9559
2023-07-24,new_york,all,2481,30112,2615,207,89246.91,17514.97,1243.4,955.7,0.9488
2023-07-25,new_york,all,2621,32874,2828,303,100128.42,18865.01,1268.0,1007.0,0.9268
2023-07-26,new_york,all,2712,32802,2858,209,98205.33,17514.58,1306.3,972.3,0.9489
2023-07-27,new_york,all,2695,33978,2793,280,100111.7,17317.85,1220.7,945.0,0.9649
2023-07-28,new_york,all,3161,38238,3264,350,116988.25,22015.73,1614.9,1269.2,0.9684
2023-07-29,new_york,all,3787,43935,4080,310,142588.21,24523.83,1799.6,1471.9,0.9282
2023-07-30,new_york,all,3553,41596,3707,298,145835.8,25847.76,1657.7,1317.0,0.9585
2023-07-31,new_york,all,2623,31245,2768,310,104327.86,17925.74,1187.3,868.9,0.9476
2023-08-01,new_york,all,2828,34880,2926,235,108965.81,20318.49,1392.9,1069.1,0.9665
2023-08-02,new_york,all,2748,34496,2889,251,103359.22,18068.24,1467.2,1142.8,0.9512
2023-08-03,new_york,all,2960,36484,3186,271,111491.44,20995.2,1430.7,1051.1,0.9291
2023-08-04,new_york,all,3443,40906,3633,285,134727.73,26100.26,1785.9,1363.0,0.9477
2023-08-05,new_york,all,3897,46317,4203,424,154416.78,30058.22,2071.9,1550.6,0.9272
2023-08-06,new_york,all,3617,42103,3772,393,132935.01,23833.43,1741.8,1274.8,0.9589
2023-08-07,new_york,all,2646,32687,2792,235,102056.82,19030.4,1422.5,1097.0,0.9477
2023-08-08,new_york,all,2780,33855,2983,311,96157.79,17970.96,1461.8,1076.7,0.9319
2023-08-09,new_york,all,2757,34492,2902,222,107268.11,19757.35,1393.9,1085.9,0.95
2023-08-10,new_york,all,3116,37874,3253,219,124537.6,23618.98,1399.3,1031.2,0.9579
2023-08-11,new_york,all,3398,40446,3645,335,128991.03,22741.46,1536.1,1217.1,0.9322
2023-08-12,new_york,all,3547,42865,3723,425,148962.7,29699.78,1943.8,1437.5,0.9527
2023-08-13,new_york,all,3375,40370,3566,243,124212.2,21481.56,1795.6,1453.8,0.9464
2023-08-14,new_york,all,2689,33106,2901,216,104652.04,20394.24,1465.6,1059.1,0.9269
2023-08-15,new_york,all,3009,37109,3127,289,115638.99,21719.65,1629.1,1258.0,0.9623
2023-08-16,new_york,all,3096,36671,3236,342,118598.25,21032.88,1382.7,1039.8,0.9567
2023-08-17,new_york,all,2979,36606,3073,222,114035.91,21937.12,1561.9,1159.7,0.9694
2023-08-18,new_york,all,3266,39071,3428,293,126414.37,21810.83,1649.2,1265.2,0.9527
2023-08-19,new_york,all,3385,42061,3520,363,135847.91,26250.24,1787.8,1437.8,0.9616
2023-08-20,new_york,all,3345,40551,3559,296,137653.92,25837.58,1495.9,1214.0,0.9399
2023-08-21,new_york,all,2790,34406,2899,222,107402.91,18615.34,1357.4,1018.5,0.9624
2023-08-22,new_york,all,2869,35679,3052,229,114959.35,19817.29,1510.8,1111.1,0.94
2023-08-23,new_york,all,2836,33852,2958,257,105354.84,20283.45,1509.8,1195.8,0.9588
2023-08-24,new_york,all,3028,37263,3173,285,121042.68,21640.99,1548.2,1204.8,0.9543
2023-08-25,new_york,all,3195,37084,3347,361,118320.97,23271.26,1529.2,1131.8,0.9546
2023-08-26,new_york,all,3799,45172,4049,388,154237.58,29746.6,1824.9,1452.7,0.9383
2023-08-27,new_york,all,3373,40129,3553,353,144214.25,27537.09,1823.2,1407.3,0.9493
2023-08-28,new_york,all,2714,33350,2844,323,103851.18,18522.71,1339.2,1051.7,0.9543
2023-08-29,new_york,all,2644,32424,2836,240,90634.61,17335.53,1312.5,992.2,0.9323
2023-08-30,new_york,all,2952,35005,3125,266,110537.52,21935.56,1519.2,1160.5,0.9446
2023-08-31,new_york,all,2628,33808,2735,305,107409.93,18554.72,1291.5,953.2,0.9609
2023-09-01,new_york,all,3083,38236,3314,254,121977.89,21929.78,1522.7,1211.5,0.9303
2023-09-02,new_york,all,4144,49875,4339,441,161529.63,28597.23,2042.6,1502.7,0.9551
2023-09-03,new_york,all,3272,38942,3377,352,132325.2,24056.39,1784.0,1423.3,0.9689
2023-09-04,new_york,all,2643,31976,2788,198,104220.29,20038.43,1442.6,1153.8,0.948
2023-09-05,new_york,all,2949,35833,3056,275,120449.31,22190.05,1589.8,1263.4,0.965
2023-09-06,new_york,all,3257,40254,3394,261,131159.03,24542.73,1658.3,1197.2,0.9596
2023-09-07,new_york,all,2891,34751,3086,229,119772.03,21490.05,1417.6,1059.4,0.9368
2023-09-08,new_york,all,3315,38663,3436,309,129917.11,22636.59,1705.2,1307.6,0.9648
2023-09-09,new_york,all,3775,44771,4041,319,151915.91,27042.25,2010.0,1566.9,0.9342
2023-09-10,new_york,all,3667,42826,3949,403,139011.5,27217.12,1858.0,1508.6,0.9286
2023-09-11,new_york,all,2643,32247,2802,305,98695.4,18561.89,1346.3,1019.9,0.9433
2023-09-12,new_york,all,2750,34118,2930,303,114910.2,20837.78,1426.4,1151.8,0.9386
2023-09-13,new_york,all,2965,35870,3160,247,115386.52,22350.04,1535.0,1130.3,0.9383
2023-09-14,new_york,all,3029,37068,3270,254,121309.62,20857.21,1582.9,1198.5,0.9263
2023-09-15,new_york,all,3269,38916,3423,270,126635.17,22492.53,1545.2,1120.6,0.955
2023-09-16,new_york,all,3841,44414,3988,295,143541.85,25393.0,1901.7,1510.4,0.9631
2023-09-17,new_york,all,3031,37937,3201,355,116757.58,23300.25,1553.0,1141.6,0.9469
2023-09-18,new_york,all,2679,33823,2831,241,110547.03,21134.71,1188.5,886.3,0.9463
2023-09-19,new_york,all,2670,33542,2774,217,105648.8,19918.35,1454.7,1160.2,0.9625
2023-09-20,new_york,all,2847,35177,3020,320,100229.81,17054.06,1429.1,1105.4,0.9427
2023-09-21,new_york,all,2958,36471,3049,266,112657.37,19774.67,1352.9,976.0,0.9702
2023-09-22,new_york,all,3349,41113,3605,240,140426.64,26549.94,1786.7,1286.8,0.929
2023-09-23,new_york,all,3747,45501,3909,293,142717.39,25887.73,1979.8,1526.6,0.9586
2023-09-24,new_york,all,3354,40625,3461,342,117504.3,23233.94,1768.4,1327.2,0.9691
2023-09-25,new_york,all,2998,35055,3104,327,126348.07,24377.81,1475.1,1088.7,0.9659
2023-09-26,new_york,all,2841,33632,2960,229,113110.45,20746.89,1521.4,1188.8,0.9598
2023-09-27,new_york,all,2861,35379,2986,332,109762.91,21127.76,1390.5,1032.9,0.9581
2023-09-28,new_york,all,2956,36522,3050,333,111692.52,22256.09,1491.5,1162.2,0.9692
2023-09-29,new_york,all,3345,40759,3492,376,135751.9,24955.19,1487.3,1127.3,0.9579
2023-09-30,new_york,all,3622,44829,3766,295,135668.1,25678.68,1844.3,1362.3,0.9618
2023-10-01,new_york,all,3827,45665,4014,278,155798.68,30779.58,2003.0,1469.8,0.9534
2023-10-02,new_york,all,2940,36789,3085,333,116258.55,20631.27,1472.9,1095.4,0.953
2023-10-03,new_york,all,2825,34712,2958,241,110093.11,21643.95,1416.3,1024.0,0.955
2023-10-04,new_york,all,2683,34002,2807,271,104047.05,17992.48,1405.1,1055.0,0.9558
2023-10-05,new_york,all,2849,35490,2947,308,108726.92,20598.69,1480.6,1199.6,0.9667
2023-10-06,new_york,all,3593,42649,3705,275,145562.7,28164.22,1709.4,1372.9,0.9698
2023-10-07,new_york,all,3916,46283,4073,427,144242.79,27180.85,2158.9,1634.7,0.9615
2023-10-08,new_york,all,3528,41650,3767,413,124812.86,23073.66,1842.0,1432.3,0.9366
2023-10-09,new_york,all,2485,31308,2683,264,98611.75,18590.33,1382.3,1073.7,0.9262
2023-10-10,new_york,all,3067,36991,3301,282,121806.32,21261.28,1666.7,1338.1,0.9291
2023-10-11,new_york,all,2824,35204,2980,321,111334.69,19646.91,1531.1,1138.6,0.9477
2023-10-12,new_york,all,2977,36055,3145,287,116951.08,20828.63,1549.8,1161.8,0.9466
2023-10-13,new_york,all,3410,40598,3566,366,129180.89,24277.4,1736.1,1302.4,0.9563
2023-10-14,new_york,all,3670,44933,3922,407,146858.37,26912.83,1710.8,1238.8,0.9357
2023-10-15,new_york,all,3389,40600,3620,364,130179.29,23085.25,1698.3,1276.2,0.9362
2023-10-16,new_york,all,2707,32957,2902,228,101681.16,19978.75,1407.1,1136.6,0.9328
2023-10-17,new_york,all,2937,35584,3157,223,111311.15,20171.55,1453.4,1179.0,0.9303
2023-10-18,new_york,all,2783,34229,2927,228,117970.62,21633.56,1458.9,1066.4,0.9508
2023-10-19,new_york,all,3145,37432,3360,299,110578.74,20157.51,1433.9,1098.1,0.936
2023-10-20,new_york,all,3612,42153,3866,344,142537.08,25009.31,1772.4,1343.7,0.9343
2023-10-21,new_york,all,3334,39900,3485,331,117582.55,22569.83,1645.0,1264.9,0.9567
2023-10-22,new_york,all,3551,41652,3823,319,135973.65,24944.88,1730.9,1342.3,0.9289
2023-10-23,new_york,all,2869,33879,2969,314,108061.65,18423.18,1349.1,974.1,0.9663
2023-10-24,new_york,all,3008,35503,3248,348,103734.85,20634.98,1390.2,1118.0,0.9261
2023-10-25,new_york,all,2813,35374,3006,232,110407.15,21471.2,1506.3,1231.2,0.9358
2023-10-26,new_york,all,2887,36078,2987,308,109037.45,20903.22,1448.6,1137.6,0.9665
2023-10-27,new_york,all,3491,40366,3710,363,120296.47,23586.86,1597.9,1256.0,0.941
2023-10-28,new_york,all,4097,49830,4227,394,164355.94,32411.68,1827.6,1412.4,0.9692
2023-10-29,new_york,all,3236,39566,3458,257,133525.08,24051.16,1606.0,1210.0,0.9358
2023-10-30,new_york,all,2803,34722,2999,308,115955.88,21837.83,1283.2,943.0,0.9346
2023-10-31,new_york,all,2889,35135,3063,341,113222.77,21315.8,1540.5,1199.1,0.9432
2023-11-01,new_york,all,2968,36478,3184,315,114531.15,20388.72,1547.7,1121.3,0.9322
2023-11-02,new_york,all,2894,35960,2995,335,118818.09,20990.23,1352.7,1085.5,0.9663
2023-11-03,new_york,all,3450,41635,3601,411,143998.13,24971.76,1741.2,1327.0,0.9581
2023-11-04,new_york,all,3975,48003,4177,348,161711.43,30689.5,1827.7,1391.7,0.9516
2023-11-05,new_york,all,3565,43201,3680,363,130791.08,25298.6,1732.8,1304.3,0.9688
2023-11-06,new_york,all,3221,37788,3390,302,125256.92,24153.12,1772.1,1447.7,0.9501
2023-11-07,new_york,all,2991,36464,3120,357,117684.09,21122.91,1501.6,1107.4,0.9587
2023-11-08,new_york,all,3087,37209,3240,231,108095.9,19041.94,1642.8,1207.7,0.9528
2023-11-09,new_york,all,3263,40416,3430,296,128573.68,23607.21,1508.3,1110.9,0.9513
2023-11-10,new_york,all,3577,42745,3842,407,153365.7,28588.04,1724.0,1354.8,0.931
2023-11-11,new_york,all,3947,47674,4119,332,156821.72,30983.68,1957.3,1603.4,0.9582
2023-11-12,new_york,all,3250,40854,3493,356,134343.04,26364.11,1608.8,1196.2,0.9304
2023-11-13,new_york,all,2722,34339,2862,243,105755.45,20884.77,1499.8,1215.7,0.9511
2023-11-14,new_york,all,2660,33846,2783,317,102035.09,19948.66,1233.4,922.4,0.9558
2023-11-15,new_york,all,2839,36458,2996,324,111385.18,22158.68,1524.3,1196.3,0.9476
2023-11-16,new_york,all,2822,35457,2966,240,104215.14,19171.94,1508.9,1092.5,0.9514
2023-11-17,new_york,all,3645,42270,3801,396,133570.05,22897.14,1825.4,1404.8,0.959
2023-11-18,new_york,all,3719,44314,3924,323,152247.07,26263.66,1811.5,1422.9,0.9478
2023-11-19,new_york,all,3727,43254,3867,374,153335.34,27862.3,1870.9,1447.4,0.9638
2023-11-20,new_york,all,2961,36027,3102,305,108349.27,19256.98,1432.4,1065.4,0.9545
2023-11-21,new_york,all,3174,38332,3359,354,128113.42,22432.43,1693.8,1359.9,0.9449
2023-11-22,new_york,all,3015,37655,3168,215,115572.8,22952.31,1485.7,1213.8,0.9517
2023-11-23,new_york,all,2931,35577,3140,237,114760.76,20182.12,1568.8,1201.6,0.9334
2023-11-24,new_york,all,3607,42327,3762,381,142065.02,28239.88,1836.4,1439.0,0.9588
2023-11-25,new_york,all,3668,44181,3956,360,148239.01,28584.21,1823.4,1457.0,0.9272
2023-11-26,new_york,all,3437,40463,3675,326,132871.78,25143.11,1802.4,1341.3,0.9352
2023-11-27,new_york,all,2960,35902,3192,215,121995.1,23213.3,1486.4,1198.7,0.9273
2023-11-28,new_york,all,2959,36698,3172,259,115683.94,20816.66,1615.7,1208.6,0.9328
2023-11-29,new_york,all,2746,34457,2848,311,109020.47,20647.69,1292.3,1030.7,0.9642
2023-11-30,new_york,all,2940,36935,3106,210,108474.15,19048.14,1612.3,1178.9,0.9466
2023-12-01,new_york,all,3606,42855,3745,324,153815.44,30475.63,1933.6,1448.0,0.9629
2023-12-02,new_york,all,3606,42650,3862,423,142092.31,25442.17,1940.1,1500.4,0.9337
2023-12-03,new_york,all,3310,40038,3506,240,131978.04,23446.64,1650.4,1274.9,0.9441
2023-12-04,new_york,all,2949,36151,3076,317,104407.11,19976.72,1596.1,1284.9,0.9587
2023-12-05,new_york,all,3075,37290,3310,255,113517.62,21533.55,1479.8,1212.9,0.929
2023-12-06,new_york,all,2996,36298,3103,340,122485.25,22480.82,1571.9,1148.6,0.9655
2023-12-07,new_york,all,3015,35873,3190,324,117742.58,22250.21,1386.5,1035.9,0.9451
2023-12-08,new_york,all,3717,43144,3963,425,129410.98,22619.07,1797.3,1358.3,0.9379
2023-12-09,new_york,all,3832,46554,3958,310,155191.05,29517.31,1913.8,1469.6,0.9682
2023-12-10,new_york,all,3777,43494,4003,365,141460.8,25196.76,1820.6,1400.8,0.9435
2023-12-11,new_york,all,2945,36508,3153,321,121383.43,21628.72,1458.8,1175.2,0.934
2023-12-12,new_york,all,2641,31736,2729,217,101231.95,17701.97,1375.5,1096.4,0.9678
2023-12-13,new_york,all,2913,35677,3075,238,113298.4,20390.46,1384.8,999.7,0.9473
2023-12-14,new_york,all,3161,39094,3297,226,128872.35,23188.97,1657.4,1268.7,0.9588
2023-12-15,new_york,all,3199,39517,3401,377,117634.67,21600.71,1452.2,1135.3,0.9406
2023-12-16,new_york,all,4199,50166,4350,443,153636.24,26995.82,2246.8,1721.1,0.9653
2023-12-17,new_york,all,3414,41957,3676,347,130147.62,22878.68,1805.7,1323.7,0.9287
2023-12-18,new_york,all,3011,36236,3236,323,120717.94,22483.98,1469.8,1116.7,0.9305
2023-12-19,new_york,all,2878,34261,2991,278,103429.74,17982.95,1503.4,1144.3,0.9622
2023-12-20,new_york,all,3085,38452,3227,289,108866.67,20757.27,1640.5,1212.0,0.956
2023-12-21,new_york,all,3266,39821,3460,302,130919.77,25963.8,1719.8,1368.3,0.9439
2023-12-22,new_york,all,3522,42548,3754,359,131508.9,24040.34,1737.2,1306.6,0.9382
2023-12-23,new_york,all,3909,47133,4113,313,147545.07,29071.27,1938.9,1510.2,0.9504
2023-12-24,new_york,all,3657,42875,3795,418,127723.07,22089.64,1918.2,1480.0,0.9636
2023-12-25,new_york,all,2777,34087,2875,307,103284.86,17691.53,1350.5,1090.9,0.9659
2023-12-26,new_york,all,3037,35993,3280,266,116880.26,22399.06,1630.9,1194.1,0.9259
2023-12-27,new_york,all,2942,36435,3097,291,118536.06,22857.39,1428.2,1044.6,0.95
2023-12-28,new_york,all,3332,40063,3577,257,123335.25,24086.36,1761.1,1320.9,0.9315
2023-12-29,new_york,all,3781,44924,3986,448,157631.59,27066.06,1730.7,1320.7,0.9486
2023-12-30,new_york,all,3795,44467,4084,437,141106.56,27276.92,1712.5,1284.1,0.9292
2023-12-31,new_york,all,3547,42609,3669,412,131895.37,23912.12,1935.1,1541.0,0.9667
2024-01-01,new_york,all,2933,36009,3038,254,121600.46,21778.66,1559.2,1160.9,0.9654
2024-01-02,new_york,all,2876,35361,3096,226,111896.71,19603.26,1538.8,1121.0,0.9289
2024-01-03,new_york,all,2841,35439,3061,229,106359.52,21259.19,1533.2,1167.3,0.9281
2024-01-04,new_york,all,3226,39048,3374,240,123237.62,21185.77,1569.6,1251.5,0.9561
2024-01-05,new_york,all,3611,42442,3783,274,148428.95,28915.48,1731.8,1394.2,0.9545
2024-01-06,new_york,all,4070,47887,4284,299,168182.33,31817.55,1887.9,1497.7,0.95
2024-01-07,new_york,all,3886,44885,4083,464,143500.94,27559.7,1969.0,1527.5,0.9518
2024-01-08,new_york,all,3079,36704,3201,227,118289.99,22634.97,1443.3,1143.7,0.9619
2024-01-09,new_york,all,2939,36324,3159,225,113661.57,22249.6,1601.9,1262.5,0.9304
2024-01-10,new_york,all,3166,38540,3301,353,115880.31,20338.59,1430.7,1063.6,0.9591
2024-01-11,new_york,all,3370,41856,3590,334,129383.76,21998.44,1560.9,1209.8,0.9387
2024-01-12,new_york,all,3452,41082,3567,375,132937.37,24986.36,1649.6,1314.8,0.9678
2024-01-13,new_york,all,3656,44057,3773,371,148780.57,26872.12,1729.6,1300.2,0.969
2024-01-14,new_york,all,4066,46884,4321,464,165991.58,28835.0,1926.4,1513.0,0.941
2024-01-15,new_york,all,2788,33947,2919,284,105571.17,18536.63,1433.7,1101.3,0.9551
2024-01-16,new_york,all,2928,36072,3112,281,111522.07,20068.67,1408.1,1084.7,0.9409
2024-01-17,new_york,all,3276,39246,3390,346,130315.23,22428.16,1655.2,1206.6,0.9664
2024-01-18,new_york,all,2922,37461,3148,270,109205.4,18751.37,1562.9,1229.4,0.9282
2024-01-19,new_york,all,3215,39875,3432,281,127420.52,25163.1,1631.1,1315.6,0.9368
2024-01-20,new_york,all,3758,44033,4035,351,144047.07,25836.73,1935.2,1420.7,0.9314
2024-01-21,new_york,all,3560,42333,3691,279,130416.71,26013.82,1738.7,1315.5,0.9645
2024-01-22,new_york,all,2982,36391,3119,328,109314.42,21746.03,1407.5,1020.2,0.9561
2024-01-23,new_york,all,2972,37450,3116,247,122700.77,21383.94,1419.1,1026.0,0.9538
2024-01-24,new_york,all,3050,37429,3223,237,116506.61,22304.93,1670.9,1368.4,0.9463
2024-01-25,new_york,all,3064,36137,3201,252,127639.14,23999.24,1553.8,1195.4,0.9572
2024-01-26,new_york,all,3364,39401,3475,377,126187.85,24066.47,1602.6,1210.8,0.9681
2024-01-27,new_york,all,4067,48249,4264,352,158859.34,27464.51,2003.2,1497.4,0.9538
2024-01-28,new_york,all,3592,43143,3745,375,154836.4,27198.07,1925.5,1575.1,0.9591
2024-01-29,new_york,all,2843,35143,2983,321,103668.66,17862.02,1459.2,1087.4,0.9531
2024-01-30,new_york,all,2850,36511,2964,211,99313.12,18683.18,1457.5,1155.2,0.9615
2024-01-31,new_york,all,3090,37702,3223,334,126617.96,25272.66,1660.3,1242.5,0.9587
2024-02-01,new_york,all,3264,39363,3464,279,120468.99,22908.33,1678.5,1220.4,0.9423
2024-02-02,new_york,all,3588,44109,3765,290,137994.98,26401.59,1826.4,1439.8,0.953
2024-02-03,new_york,all,3968,47870,4156,414,148292.52,29589.93,1864.7,1342.9,0.9548
2024-02-04,new_york,all,3499,42637,3697,404,136517.73,25984.83,1625.2,1280.0,0.9464
2024-02-05,new_york,all,2879,36006,3076,244,105573.56,18074.77,1577.5,1175.3,0.936
2024-02-06,new_york,all,2962,36297,3107,292,113011.01,22151.31,1543.9,1226.8,0.9533
2024-02-07,new_york,all,2957,37843,3133,250,116404.95,21062.35,1475.0,1175.5,0.9438
2024-02-08,new_york,all,3223,39053,3475,315,117829.67,20046.47,1635.6,1296.1,0.9275
2024-02-09,new_york,all,3725,43688,3934,377,138392.46,25632.64,1694.5,1224.2,0.9469
2024-02-10,new_york,all,3893,46578,4187,391,147277.2,29177.15,2078.9,1643.1,0.9298
2024-02-11,new_york,all,3470,43467,3712,351,124050.87,22046.31,1624.1,1330.2,0.9348
2024-02-12,new_york,all,3010,37665,3109,231,113436.58,20956.89,1614.2,1201.4,0.9682
2024-02-13,new_york,all,2788,33368,2931,292,107975.57,18918.76,1409.0,1053.1,0.9512
2024-02-14,new_york,all,2661,34565,2834,276,100401.84,17242.09,1274.9,1021.6,0.939
2024-02-15,new_york,all,2987,36898,3224,311,113439.09,19558.75,1363.5,1003.6,0.9265
2024-02-16,new_york,all,3154,38460,3321,232,121308.17,23268.16,1702.5,1338.3,0.9497
2024-02-17,new_york,all,3853,45141,3986,356,143476.83,28110.3,1804.4,1435.4,0.9666
2024-02-18,new_york,all,3638,43908,3849,329,144902.61,25256.37,1654.3,1197.2,0.9452
2024-02-19,new_york,all,2926,35596,3032,218,120739.22,21570.01,1560.5,1210.0,0.965
2024-02-20,new_york,all,2997,36350,3200,243,112705.39,19819.34,1468.1,1141.6,0.9366
2024-02-21,new_york,all,3373,39901,3560,310,133010.9,22719.02,1644.4,1233.9,0.9475
2024-02-22,new_york,all,3335,41071,3556,357,126859.19,23672.3,1583.2,1278.6,0.9379
2024-02-23,new_york,all,3525,41647,3784,289,138192.56,26394.46,1892.0,1393.0,0.9316
2024-02-24,new_york,all,4149,50901,4404,463,172242.11,32628.91,1995.8,1509.7,0.9421
2024-02-25,new_york,all,3851,44776,4084,375,152034.28,27615.75,1793.5,1443.5,0.9429
2024-02-26,new_york,all,2733,34041,2918,295,95890.52,17898.0,1291.2,954.3,0.9366
2024-02-27,new_york,all,2821,34997,3024,264,111073.89,19196.12,1313.4,1053.5,0.9329
2024-02-28,new_york,all,2806,34437,3012,266,114690.38,20028.28,1337.4,973.5,0.9316
2024-02-29,new_york,all,3028,38343,3124,306,115286.34,22821.37,1378.1,1059.7,0.9693
2024-03-01,new_york,all,3561,42199,3767,414,143923.5,27754.96,1668.4,1213.8,0.9453
2024-03-02,new_york,all,4153,48498,4322,393,154373.35,30516.86,2039.5,1606.7,0.9609
2024-03-03,new_york,all,3840,45452,4120,370,136858.89,27029.69,2068.7,1653.0,0.932
2024-03-04,new_york,all,2665,33765,2831,267,103326.71,19578.53,1196.2,962.9,0.9414
2024-03-05,new_york,all,3106,38188,3264,332,109078.94,21580.96,1456.8,1191.8,0.9516
2024-03-06,new_york,all,2993,36168,3111,220,113849.05,20777.58,1627.5,1281.2,0.9621
2024-03-07,new_york,all,3181,40542,3330,305,130348.38,22173.37,1723.5,1373.5,0.9553
2024-03-08,new_york,all,3433,41771,3657,323,119549.78,20547.87,1767.2,1361.8,0.9387
2024-03-09,new_york,all,3729,43631,3879,433,134381.86,23286.31,1770.1,1436.0,0.9613
2024-03-10,new_york,all,3791,44889,3922,359,138422.06,23927.72,1898.1,1488.8,0.9666
2024-03-11,new_york,all,2923,35554,3140,273,112179.21,20254.08,1376.8,1112.9,0.9309
2024-03-12,new_york,all,3104,36703,3316,367,117318.77,22412.36,1426.3,1060.5,0.9361
2024-03-13,new_york,all,3024,36746,3145,280,124568.65,24131.37,1473.1,1133.8,0.9615
2024-03-14,new_york,all,3302,39977,3449,261,133193.17,25001.21,1677.4,1330.1,0.9574
2024-03-15,new_york,all,3994,45103,4308,323,157576.88,27480.32,1938.8,1435.2,0.9271
2024-03-16,new_york,all,4084,48831,4351,305,158378.9,30477.97,2086.8,1546.6,0.9386
2024-03-17,new_york,all,3584,43359,3801,251,140696.97,25416.07,1697.3,1388.1,0.9429
2024-03-18,new_york,all,2934,35678,3067,269,108090.57,18417.53,1407.3,1074.4,0.9566
2024-03-19,new_york,all,3146,38250,3287,341,126312.31,22536.35,1662.2,1227.0,0.9571
2024-03-20,new_york,all,2999,37176,3095,320,109041.59,19618.55,1610.5,1212.9,0.969
2024-03-21,new_york,all,2931,36714,3126,210,117556.84,20951.85,1404.8,1067.3,0.9376
2024-03-22,new_york,all,4041,45978,4171,398,164805.41,32030.94,2046.7,1601.2,0.9688
2024-03-23,new_york,all,4034,47710,4156,313,156946.46,30258.93,1928.4,1566.4,0.9706
2024-03-24,new_york,all,3816,46108,4070,447,145621.57,27794.29,1750.9,1433.4,0.9376
2024-03-25,new_york,all,2977,35853,3208,233,116908.57,20361.98,1557.8,1223.1,0.928
2024-03-26,new_york,all,2938,36113,3137,298,96929.25,18827.05,1378.3,1088.8,0.9366
2024-03-27,new_york,all,3035,37409,3198,262,118613.41,22573.94,1486.8,1118.3,0.949
2024-03-28,new_york,all,3638,44120,3836,371,139269.16,24489.8,1822.9,1468.7,0.9484
2024-03-29,new_york,all,3857,47135,4057,349,148118.6,28060.0,1812.4,1344.4,0.9507
2024-03-30,new_york,all,4140,48942,4331,447,165020.71,30447.2,1915.1,1399.2,0.9559
2024-03-31,new_york,all,3826,43871,4041,312,146750.32,26881.8,1865.6,1524.8,0.9468
2023-01-01,los_angeles,all,2416,30280,2546,224,97523.85,16810.83,1127.2,900.5,0.9489
2023-01-02,los_angeles,all,1877,23462,2001,143,84668.62,16825.06,1035.1,831.1,0.938
2023-01-03,los_angeles,all,1844,23571,1946,182,79481.29,14527.12,951.5,698.1,0.9476
2023-01-04,los_angeles,all,1894,23449,2018,147,80860.16,14596.52,917.7,682.6,0.9386
2023-01-05,los_angeles,all,2203,27126,2294,161,91106.34,16461.92,1029.3,768.9,0.9603
2023-01-06,los_angeles,all,2341,27700,2498,222,101569.93,18421.54,1212.1,892.8,0.9371
2023-01-07,los_angeles,all,2598,31877,2769,267,109031.59,21626.41,1358.5,1031.4,0.9382
2023-01-08,los_angeles,all,2497,29760,2605,281,102937.96,17693.09,1197.3,885.2,0.9585
2023-01-09,los_angeles,all,1861,22651,1969,203,80882.06,14038.85,1000.3,779.8,0.9451
2023-01-10,los_angeles,all,1892,24467,2030,214,78891.97,15280.55,928.9,678.2,0.932
2023-01-11,los_angeles,all,2043,25235,2130,221,82380.9,15362.58,952.3,711.4,0.9592
2023-01-12,los_angeles,all,2179,26739,2325,229,94262.75,16388.15,1108.9,872.2,0.9372
2023-01-13,los_angeles,all,2366,28865,2550,167,99054.08,16941.6,1071.9,814.5,0.9278
2023-01-14,los_angeles,all,2500,31101,2683,253,107566.78,19009.96,1214.2,925.4,0.9318
2023-01-15,los_angeles,all,2272,27062,2386,173,93258.54,16583.64,1136.9,909.3,0.9522
2023-01-16,los_angeles,all,1775,22738,1882,129,70043.0,11937.18,823.7,674.2,0.9431
2023-01-17,los_angeles,all,1981,24858,2139,154,90420.08,15957.58,944.7,733.6,0.9261
2023-01-18,los_angeles,all,1997,25000,2114,222,90360.02,17362.64,1054.5,767.6,0.9447
2023-01-19,los_angeles,all,2138,26363,2214,229,93764.02,18346.15,1042.7,761.5,0.9657
2023-01-20,los_angeles,all,2368,29104,2444,278,97527.5,19207.76,1252.1,1022.8,0.9689
2023-01-21,los_angeles,all,2364,29096,2528,281,97797.1,17769.48,1199.5,945.1,0.9351
2023-01-22,los_angeles,all,2374,28761,2496,272,106599.46,19143.39,1194.1,949.6,0.9511
2023-01-23,los_angeles,all,1978,24246,2062,152,81606.26,16320.91,934.0,735.6,0.9593
2023-01-24,los_angeles,all,1956,23388,2049,223,79553.71,15360.25,1022.6,754.6,0.9546
2023-01-25,los_angeles,all,1982,25560,2117,222,91036.62,16943.79,941.8,720.3,0.9362
2023-01-26,los_angeles,all,2162,26865,2277,246,90587.53,16092.25,1018.2,814.4,0.9495
2023-01-27,los_angeles,all,2314,28715,2484,180,105781.49,19002.5,1244.2,1003.6,0.9316
2023-01-28,los_angeles,all,2898,34479,3091,220,113205.67,20995.23,1502.2,1117.2,0.9376
2023-01-29,los_angeles,all,2154,26648,2324,250,92811.96,17287.39,1081.0,842.7,0.9269
2023-01-30,los_angeles,all,1879,23820,2019,148,87090.28,14841.09,864.2,635.8,0.9307
2023-01-31,los_angeles,all,1970,24932,2054,174,82863.08,16471.69,915.4,746.8,0.9591
2023-02-01,los_angeles,all,1953,24458,2076,181,80943.24,15158.09,990.3,738.0,0.9408
2023-02-02,los_angeles,all,2095,26033,2160,160,82852.48,15549.32,1091.1,864.9,0.9699
2023-02-03,los_angeles,all,2319,27883,2503,165,102668.9,18105.06,1139.2,846.6,0.9265
2023-02-04,los_angeles,all,2693,32691,2809,322,108750.69,20983.4,1236.9,966.8,0.9587
2023-02-05,los_angeles,all,2462,30707,2618,280,102913.82,19771.59,1130.4,888.4,0.9404
2023-02-06,los_angeles,all,1894,23349,2031,219,74637.89,12901.51,982.6,739.7,0.9325
2023-02-07,los_angeles,all,1796,22480,1864,151,81303.98,15272.94,952.7,764.0,0.9635
2023-02-08,los_angeles,all,1966,24024,2108,159,87340.06,16572.41,904.2,731.1,0.9326
2023-02-09,los_angeles,all,2104,26685,2168,192,88228.45,17210.46,945.6,761.7,0.9705
2023-02-10,los_angeles,all,2267,28431,2385,210,89719.44,15807.02,1067.1,803.6,0.9505
2023-02-11,los_angeles,all,2337,28382,2462,164,105691.77,20750.36,1068.0,848.5,0.9492
2023-02-12,los_angeles,all,2588,30617,2714,282,106707.23,19617.53,1285.4,997.4,0.9536
2023-02-13,los_angeles,all,1867,23270,1978,224,74080.82,12808.26,848.8,661.4,0.9439
2023-02-14,los_angeles,all,1868,23454,2009,180,71543.56,12389.1,971.4,745.8,0.9298
2023-02-15,los_angeles,all,1997,25421,2090,179,81165.02,14279.7,1063.6,829.6,0.9555
2023-02-16,los_angeles,all,2185,26400,2314,196,85095.39,15188.04,1179.6,865.3,0.9443
2023-02-17,los_angeles,all,2308,28610,2478,173,93917.31,17364.58,1267.6,964.5,0.9314
2023-02-18,los_angeles,all,2587,31861,2765,216,112698.15,21690.17,1241.7,916.1,0.9356
2023-02-19,los_angeles,all,2552,30623,2634,243,105172.16,18468.42,1178.6,881.6,0.9689
2023-02-20,los_angeles,all,1924,24985,2072,176,82245.14,16430.9,937.7,687.1,0.9286
2023-02-21,los_angeles,all,2027,24721,2093,197,82054.98,14346.96,1071.6,794.3,0.9685
2023-02-22,los_angeles,all,2103,25975,2228,236,88613.81,16657.74,966.1,771.1,0.9439
2023-02-23,los_angeles,all,2229,27386,2360,181,102609.54,20303.17,1097.9,850.9,0.9445
2023-02-24,los_angeles,all,2208,26511,2361,158,91120.14,17766.17,1040.1,751.3,0.9352
2023-02-25,los_angeles,all,2611,31797,2709,188,111769.87,21173.31,1230.4,982.9,0.9638
2023-02-26,los_angeles,all,2251,27911,2339,173,87141.6,16684.55,1171.3,949.9,0.9624
2023-02-27,los_angeles,all,1972,24731,2105,194,89119.06,15509.05,1013.7,819.1,0.9368
2023-02-28,los_angeles,all,1915,24423,1987,211,78510.91,13369.61,971.0,779.0,0.9638
2023-03-01,los_angeles,all,2068,25608,2179,236,91418.26,16731.78,1128.5,924.5,0.9491
2023-03-02,los_angeles,all,2149,26452,2292,219,89702.1,15490.26,995.1,774.8,0.9376
2023-03-03,los_angeles,all,2194,25873,2331,198,94965.79,17163.41,1017.5,830.5,0.9412
2023-03-04,los_angeles,all,2645,31868,2752,206,114817.14,20289.6,1280.6,1043.5,0.9611
2023-03-05,los_angeles,all,2573,30670,2689,232,105621.33,20859.2,1343.1,1009.1,0.9569
2023-03-06,los_angeles,all,1987,25001,2143,172,88010.2,17285.35,1015.5,818.8,0.9272
2023-03-07,los_angeles,all,1933,24410,2034,219,78105.05,15196.77,868.9,694.5,0.9503
2023-03-08,los_angeles,all,2208,27358,2279,208,96343.13,18441.84,1202.3,958.9,0.9688
2023-03-09,los_angeles,all,2115,26660,2202,172,87096.9,15209.05,990.1,801.6,0.9605
2023-03-10,los_angeles,all,2453,29619,2569,207,104826.68,17972.64,1192.4,904.3,0.9548
2023-03-11,los_angeles,all,2626,32565,2836,202,107744.29,20430.11,1342.5,1020.3,0.926
2023-03-12,los_angeles,all,2410,29772,2519,279,101472.93,19205.55,1303.7,1022.1,0.9567
2023-03-13,los_angeles,all,1846,22800,1904,134,73365.84,13285.29,976.8,775.4,0.9695
2023-03-14,los_angeles,all,1759,21619,1857,124,74792.45,13775.32,942.2,761.3,0.9472
2023-03-15,los_angeles,all,1876,23931,1940,148,78966.08,14583.02,890.0,718.8,0.967
2023-03-16,los_angeles,all,2211,27286,2308,244,90354.01,16010.54,1164.6,922.5,0.958
2023-03-17,los_angeles,all,2336,28658,2522,225,97842.05,17555.31,1261.0,1028.6,0.9262
2023-03-18,los_angeles,all,2726,33079,2904,276,115259.12,21040.75,1365.0,1007.2,0.9387
2023-03-19,los_angeles,all,2482,29294,2563,218,101031.42,19003.54,1189.8,969.7,0.9684
2023-03-20,los_angeles,all,2122,26112,2233,156,88550.23,17592.68,1143.4,830.6,0.9503
2023-03-21,los_angeles,all,2032,25019,2110,229,81053.11,15088.4,936.9,726.6,0.963
2023-03-22,los_angeles,all,2084,25108,2159,166,97793.87,18770.06,1013.1,738.6,0.9653
2023-03-23,los_angeles,all,2147,27237,2274,154,94949.25,18440.1,1142.9,887.8,0.9442
2023-03-24,los_angeles,all,2504,31007,2642,247,106604.04,18485.7,1347.4,1022.7,0.9478
2023-03-25,los_angeles,all,2472,30445,2638,183,109908.67,20838.0,1353.2,985.3,0.9371
2023-03-26,los_angeles,all,2359,28776,2535,176,89272.98,16467.59,1277.6,1002.7,0.9306
2023-03-27,los_angeles,all,1934,25377,2016,213,70840.24,13259.38,861.6,683.4,0.9593
2023-03-28,los_angeles,all,2044,25671,2200,193,84134.08,14399.76,1099.6,810.9,0.9291
2023-03-29,los_angeles,all,1998,25266,2110,164,78131.82,15406.54,982.3,775.5,0.9469
2023-03-30,los_angeles,all,2188,26935,2282,191,90808.84,18033.14,1124.2,829.6,0.9588
2023-03-31,los_angeles,all,2503,30175,2684,266,106206.99,18066.28,1252.6,919.1,0.9326
2023-04-01,los_angeles,all,2776,34110,2864,204,121957.65,21511.35,1478.6,1086.4,0.9693
2023-04-02,los_angeles,all,2368,28409,2505,180,93795.64,16452.3,1177.8,918.6,0.9453
2023-04-03,los_angeles,all,1954,24092,2083,197,83707.84,16192.37,1050.8,838.4,0.9381
2023-04-04,los_angeles,all,1989,25268,2077,200,83598.1,15711.63,941.8,734.3,0.9576
2023-04-05,los_angeles,all,2119,26762,2274,251,90544.38,15874.24,990.9,793.6,0.9318
2023-04-06,los_angeles,all,2059,26952,2146,183,84230.56,16376.03,999.0,778.4,0.9595
2023-04-07,los_angeles,all,2354,29205,2523,172,105705.39,19090.84,1086.8,869.1,0.933
2023-04-08,los_angeles,all,2628,32382,2717,255,109804.76,20184.94,1348.6,1102.7,0.9672
2023-04-09,los_angeles,all,2530,30659,2626,258,115686.23,21010.84,1223.3,928.6,0.9634
2023-04-10,los_angeles,all,1886,24037,1979,145,76081.59,14123.89,956.8,703.2,0.953
2023-04-11,los_angeles,all,1924,24308,2064,188,83809.32,15454.8,888.3,651.6,0.9322
2023-04-12,los_angeles,all,1918,24595,1989,153,80315.67,14315.27,921.4,718.5,0.9643
2023-04-13,los_angeles,all,2222,27692,2386,249,91794.69,16774.26,1146.7,888.4,0.9313
2023-04-14,los_angeles,all,2368,28504,2466,265,102600.38,20237.94,1129.6,834.1,0.9603
2023-04-15,los_angeles,all,2575,31008,2711,236,106532.22,19717.71,1230.6,994.6,0.9498
2023-04-16,los_angeles,all,2469,29959,2587,292,89895.98,17753.7,1158.1,944.6,0.9544
2023-04-17,los_angeles,all,2088,26947,2163,248,74265.94,13850.88,986.9,735.6,0.9653
2023-04-18,los_angeles,all,1944,24618,2094,149,86842.54,16766.21,976.5,723.3,0.9284
2023-04-19,los_angeles,all,1980,24967,2083,175,88275.41,15784.33,908.7,673.7,0.9506
2023-04-20,los_angeles,all,2127,26813,2264,213,97764.19,18938.14,1035.1,785.4,0.9395
2023-04-21,los_angeles,all,2520,30538,2668,187,105747.24,18815.57,1312.9,1057.3,0.9445
2023-04-22,los_angeles,all,2475,29210,2611,221,97231.53,16586.39,1215.3,947.4,0.9479
2023-04-23,los_angeles,all,2455,29324,2604,204,100946.84,17647.72,1258.8,914.8,0.9428
2023-04-24,los_angeles,all,2186,27888,2350,257,91864.45,15676.63,1026.3,787.5,0.9302
2023-04-25,los_angeles,all,2067,25502,2201,187,82442.75,16357.62,1142.1,832.6,0.9391
2023-04-26,los_angeles,all,1959,24194,2070,212,89060.07,17811.95,957.3,728.1,0.9464
2023-04-27,los_angeles,all,2168,27560,2303,194,101252.01,19528.16,1021.0,776.3,0.9414
2023-04-28,los_angeles,all,2475,29535,2624,190,106435.86,18439.36,1338.7,1050.7,0.9432
2023-04-29,los_angeles,all,2732,33270,2873,309,114681.67,22588.66,1394.7,1080.8,0.9509
2023-04-30,los_angeles,all,2523,31517,2678,177,99104.88,19059.19,1309.3,1057.2,0.9421
2023-05-01,los_angeles,all,1969,24399,2072,143,89092.35,16033.71,1060.7,765.4,0.9503
2023-05-02,los_angeles,all,1965,24464,2098,173,82844.88,15331.96,893.5,712.5,0.9366
2023-05-03,los_angeles,all,2062,25903,2224,215,85351.86,16204.29,1109.5,801.4,0.9272
2023-05-04,los_angeles,all,2057,25740,2217,179,88472.53,15104.16,1050.0,788.0,0.9278
2023-05-05,los_angeles,all,2231,27481,2389,164,90957.88,16831.41,1064.9,860.4,0.9339
2023-05-06,los_angeles,all,2604,31223,2760,224,110171.17,21149.76,1244.7,982.1,0.9435
2023-05-07,los_angeles,all,2257,27425,2409,186,87957.14,15449.39,1022.8,754.0,0.9369
2023-05-08,los_angeles,all,1852,23088,1924,130,82011.9,15033.91,991.2,762.3,0.9626
2023-05-09,los_angeles,all,1923,23877,2027,186,80344.36,14942.11,905.2,717.1,0.9487
2023-05-10,los_angeles,all,2001,25611,2087,152,88911.4,17076.94,960.2,781.3,0.9588
2023-05-11,los_angeles,all,2101,26748,2164,177,87354.57,17377.76,1071.8,839.7,0.9709
2023-05-12,los_angeles,all,2083,26458,2246,213,86890.22,16982.54,1076.0,777.4,0.9274
2023-05-13,los_angeles,all,2606,31279,2797,277,102817.47,19396.06,1201.0,924.7,0.9317
2023-05-14,los_angeles,all,2367,29446,2499,197,103190.52,19349.17,1284.5,944.5,0.9472
2023-05-15,los_angeles,all,1913,23864,1995,165,76827.49,14450.91,972.1,704.6,0.9589
2023-05-16,los_angeles,all,2093,25988,2228,172,85768.03,15983.33,1113.1,868.1,0.9394
2023-05-17,los_angeles,all,2008,24811,2112,237,84340.42,14488.07,929.8,741.7,0.9508
2023-05-18,los_angeles,all,2164,27733,2316,172,91438.89,17460.15,962.7,696.6,0.9344
2023-05-19,los_angeles,all,2377,28885,2567,188,91317.68,17486.43,1211.0,966.8,0.926
2023-05-20,los_angeles,all,2808,32980,2941,259,116574.98,21610.02,1307.3,1033.6,0.9548
2023-05-21,los_angeles,all,2426,28473,2528,193,105943.38,20776.73,1225.8,974.8,0.9597
2023-05-22,los_angeles,all,1962,24060,2047,153,80845.17,15374.58,884.2,658.3,0.9585
2023-05-23,los_angeles,all,1969,24462,2037,147,81768.76,14790.33,1043.3,792.2,0.9666
2023-05-24,los_angeles,all,2030,25908,2131,207,85952.34,14662.68,1097.3,803.2,0.9526
2023-05-25,los_angeles,all,2160,26630,2227,217,90148.64,15485.27,1150.7,856.0,0.9699
2023-05-26,los_angeles,all,2276,27719,2357,233,90666.55,16370.2,1237.9,928.8,0.9656
2023-05-27,los_angeles,all,2806,33679,2928,305,117637.83,21629.26,1509.7,1135.2,0.9583
2023-05-28,los_angeles,all,2464,30292,2558,213,108631.73,19011.22,1221.7,901.0,0.9633
2023-05-29,los_angeles,all,1973,24764,2104,229,78510.66,13792.74,972.6,718.6,0.9377
2023-05-30,los_angeles,all,2095,26112,2169,223,86342.47,15274.53,1133.5,918.3,0.9659
2023-05-31,los_angeles,all,2062,25658,2213,227,80621.26,15593.39,1101.4,879.3,0.9318
2023-06-01,los_angeles,all,2135,26445,2223,226,93890.69,18133.92,1153.5,870.3,0.9604
2023-06-02,los_angeles,all,2462,30233,2549,216,102926.49,18679.94,1303.0,1061.6,0.9659
2023-06-03,los_angeles,all,2607,32512,2687,219,104839.41,18364.82,1247.9,928.3,0.9702
2023-06-04,los_angeles,all,2436,28642,2596,222,102783.99,17815.27,1328.7,1010.7,0.9384
2023-06-05,los_angeles,all,1903,22676,1985,142,75116.05,12966.07,1030.4,825.7,0.9587
2023-06-06,los_angeles,all,2012,24938,2124,186,80137.27,14564.02,1042.8,797.0,0.9473
2023-06-07,los_angeles,all,2075,26650,2149,150,80787.47,13844.25,1094.6,813.8,0.9656
2023-06-08,los_angeles,all,2068,26275,2232,145,82223.19,14800.92,1066.3,807.0,0.9265
2023-06-09,los_angeles,all,2700,32448,2798,315,121096.1,24079.47,1472.7,1134.1,0.965
2023-06-10,los_angeles,all,2872,33950,3017,300,116202.42,21523.61,1309.3,1024.0,0.9519
2023-06-11,los_angeles,all,2536,31550,2720,249,108994.93,21219.06,1357.8,1032.7,0.9324
2023-06-12,los_angeles,all,2044,25631,2130,178,82258.26,14302.9,923.2,704.5,0.9596
2023-06-13,los_angeles,all,2216,27601,2312,218,96606.57,17200.06,1092.0,815.1,0.9585
2023-06-14,los_angeles,all,2052,25221,2197,235,81762.41,16221.37,948.1,733.4,0.934
2023-06-15,los_angeles,all,1939,24415,2024,199,81597.73,14810.52,967.8,718.1,0.958
2023-06-16,los_angeles,all,2290,28690,2359,229,96434.16,18269.66,1092.3,881.2,0.9708
2023-06-17,los_angeles,all,2891,34661,3040,269,135554.34,27013.78,1565.1,1243.8,0.951
2023-06-18,los_angeles,all,2582,30648,2661,225,111862.29,20864.96,1309.2,996.3,0.9703
2023-06-19,los_angeles,all,1962,24576,2110,206,79961.12,14325.86,1063.2,844.9,0.9299
2023-06-20,los_angeles,all,2135,26487,2268,254,92741.42,17246.05,996.8,718.4,0.9414
2023-06-21,los_angeles,all,2136,26975,2262,195,99303.0,17044.28,970.5,732.2,0.9443
2023-06-22,los_angeles,all,2287,29089,2379,205,88227.35,15296.07,1205.9,921.3,0.9613
2023-06-23,los_angeles,all,2482,29525,2643,227,99852.82,16996.46,1293.2,991.9,0.9391
2023-06-24,los_angeles,all,2664,32082,2834,243,110562.7,21728.48,1344.7,1068.9,0.94
2023-06-25,los_angeles,all,2696,32404,2785,322,110870.61,21080.76,1436.9,1172.9,0.968
2023-06-26,los_angeles,all,2061,25020,2214,217,85121.8,15232.54,1120.7,849.5,0.9309
2023-06-27,los_angeles,all,1918,24499,2031,169,75302.81,13301.1,958.2,723.5,0.9444
2023-06-28,los_angeles,all,2036,25742,2178,180,91514.75,17432.86,1107.7,865.2,0.9348
2023-06-29,los_angeles,all,2186,27257,2280,200,85281.37,16850.4,1151.0,861.1,0.9588
2023-06-30,los_angeles,all,2331,28621,2415,167,96921.94,17346.52,1213.9,891.2,0.9652
2023-07-01,los_angeles,all,2715,32452,2892,262,119992.8,21556.32,1326.8,1082.9,0.9388
2023-07-02,los_angeles,all,2347,28592,2511,260,98425.23,19254.65,1098.0,879.4,0.9347
2023-07-03,los_angeles,all,1899,24226,1993,196,75852.27,14927.82,909.5,742.0,0.9528
2023-07-04,los_angeles,all,1985,24794,2047,159,77748.05,15349.11,1061.9,787.7,0.9697
2023-07-05,los_angeles,all,2246,27998,2405,239,93247.19,16672.1,1165.5,841.2,0.9339
2023-07-06,los_angeles,all,2358,28947,2453,250,95287.34,16542.78,1124.3,858.7,0.9613
2023-07-07,los_angeles,all,2529,30460,2648,210,107307.96,19658.81,1291.5,1050.5,0.9551
2023-07-08,los_angeles,all,2778,33415,2949,281,108500.21,19407.75,1315.0,965.0,0.942
2023-07-09,los_angeles,all,2593,31278,2684,261,113333.22,22271.79,1241.3,908.3,0.9661
2023-07-10,los_angeles,all,2073,26020,2143,232,87569.02,14982.98,1135.3,825.2,0.9673
2023-07-11,los_angeles,all,2131,27036,2198,164,90351.54,17077.92,1043.8,831.4,0.9695
2023-07-12,los_angeles,all,2092,26012,2251,167,94194.94,18573.87,987.0,788.2,0.9294
2023-07-13,los_angeles,all,2354,29642,2461,222,96703.8,19273.08,1171.3,924.8,0.9565
2023-07-14,los_angeles,all,2588,30385,2751,187,104751.33,19850.79,1275.6,925.2,0.9407
2023-07-15,los_angeles,all,2972,35130,3208,270,121405.3,24098.67,1566.8,1241.4,0.9264
2023-07-16,los_angeles,all,2472,29630,2629,270,102824.56,17713.56,1335.1,1021.2,0.9403
2023-07-17,los_angeles,all,1911,23720,2019,148,79896.95,14443.64,984.5,724.4,0.9465
2023-07-18,los_angeles,all,2138,26786,2258,199,86066.33,14653.78,1078.7,808.5,0.9469
2023-07-19,los_angeles,all,2090,26808,2192,250,78900.68,15735.6,1023.8,788.4,0.9535
2023-07-20,los_angeles,all,2352,29540,2493,224,96013.46,18922.5,1188.3,894.7,0.9434
2023-07-21,los_angeles,all,2526,30600,2723,240,108000.73,18451.01,1240.8,1013.7,0.9277
2023-07-22,los_angeles,all,2700,32625,2887,264,114172.58,19471.45,1209.0,927.9,0.9352
2023-07-23,los_angeles,all,2429,29204,2553,193,108136.81,19573.75,1306.1,989.0,0.9514
2023-07-24,los_angeles,all,2141,26288,2241,166,98714.06,17547.03,1064.5,838.1,0.9554
2023-07-25,los_angeles,all,2081,26388,2235,216,90720.36,17727.48,1025.7,805.2,0.9311
2023-07-26,los_angeles,all,2014,25540,2088,181,90435.23,15809.39,922.0,664.1,0.9646
2023-07-27,los_angeles,all,2433,29569,2609,206,106103.68,20554.35,1294.5,1012.1,0.9325
2023-07-28,los_angeles,all,2428,29022,2532,174,110694.43,20659.32,1126.3,838.4,0.9589
2023-07-29,los_angeles,all,2688,32889,2865,302,123343.7,22364.9,1313.4,994.9,0.9382
2023-07-30,los_angeles,all,2772,33722,2967,199,121960.92,21266.52,1497.0,1183.6,0.9343
2023-07-31,los_angeles,all,2115,26499,2229,227,91967.39,18387.11,1039.6,806.5,0.9489
2023-08-01,los_angeles,all,2077,25957,2159,185,86338.84,16278.29,1136.5,860.2,0.962
2023-08-02,los_angeles,all,2174,26938,2331,217,91119.28,16691.36,1028.5,757.7,0.9326
2023-08-03,los_angeles,all,2454,29212,2573,202,101326.99,18353.75,1258.9,970.0,0.9538
2023-08-04,los_angeles,all,2208,26701,2310,172,95616.62,18852.91,1217.3,915.3,0.9558
2023-08-05,los_angeles,all,2686,32173,2835,260,108748.8,21166.4,1335.1,1083.2,0.9474
2023-08-06,los_angeles,all,2407,30234,2532,252,100128.02,19458.44,1259.2,973.9,0.9506
2023-08-07,los_angeles,all,1991,25137,2119,159,73774.8,13905.51,966.6,779.7,0.9396
2023-08-08,los_angeles,all,2165,26428,2245,199,98764.03,19420.83,1137.0,863.0,0.9644
2023-08-09,los_angeles,all,2269,28144,2386,209,94247.46,16868.25,1207.9,969.6,0.951
2023-08-10,los_angeles,all,2016,27634,2166,163,86600.75,16550.37,1050.8,762.5,0.9307
2023-08-11,los_angeles,all,2371,28398,2446,233,106840.47,19459.22,1302.8,976.9,0.9693
2023-08-12,los_angeles,all,2966,34667,3123,229,126442.41,23771.17,1497.2,1089.7,0.9497
2023-08-13,los_angeles,all,2503,31647,2661,239,112717.9,22537.33,1261.7,912.4,0.9406
2023-08-14,los_angeles,all,2061,25012,2214,156,81187.63,16199.83,997.1,809.5,0.9309
2023-08-15,los_angeles,all,1908,25266,2022,180,89741.81,16636.21,1001.2,792.6,0.9436
2023-08-16,los_angeles,all,2333,28643,2499,200,103312.08,19341.66,1219.1,954.0,0.9336
2023-08-17,los_angeles,all,2054,25689,2138,190,87170.37,17165.56,1087.3,840.8,0.9607
2023-08-18,los_angeles,all,2332,29698,2443,214,104922.9,20939.37,1111.7,863.7,0.9546
2023-08-19,los_angeles,all,2803,33721,3019,323,110847.06,21433.19,1424.3,1116.5,0.9285
2023-08-20,los_angeles,all,2570,30489,2761,243,106382.35,18293.03,1348.6,1082.5,0.9308
2023-08-21,los_angeles,all,2112,26221,2234,234,95109.54,17089.21,1121.0,874.0,0.9454
2023-08-22,los_angeles,all,2169,26806,2286,176,82593.73,16262.45,1020.1,810.8,0.9488
2023-08-23,los_angeles,all,2055,25916,2163,180,88728.66,17129.12,942.5,705.1,0.9501
2023-08-24,los_angeles,all,2218,28814,2291,164,95634.77,18387.41,1097.8,897.6,0.9681
2023-08-25,los_angeles,all,2539,30393,2728,231,117137.72,22260.58,1171.2,847.0,0.9307
2023-08-26,los_angeles,all,2868,33632,3071,297,110922.18,20238.63,1575.4,1195.2,0.9339
2023-08-27,los_angeles,all,2563,30421,2698,287,116309.52,21179.64,1250.5,1010.7,0.95
2023-08-28,los_angeles,all,1968,25625,2055,193,80343.82,15608.23,1003.6,740.7,0.9577
2023-08-29,los_angeles,all,2096,27033,2195,214,86064.44,15389.48,973.0,714.3,0.9549
2023-08-30,los_angeles,all,2108,26817,2184,166,83126.43,15839.32,1077.0,814.8,0.9652
2023-08-31,los_angeles,all,2052,26511,2188,147,81496.23,15629.86,1159.0,884.1,0.9378
2023-09-01,los_angeles,all,2380,28860,2518,261,101976.8,19919.81,1211.8,985.6,0.9452
2023-09-02,los_angeles,all,2658,32014,2769,208,105427.19,18934.36,1217.6,978.5,0.9599
2023-09-03,los_angeles,all,2663,33280,2826,199,115985.89,22299.06,1261.7,967.0,0.9423
2023-09-04,los_angeles,all,2098,25838,2264,245,85195.1,14755.34,1166.9,953.7,0.9267
2023-09-05,los_angeles,all,2147,26537,2225,254,84704.79,14750.65,1177.1,923.1,0.9649
2023-09-06,los_angeles,all,2033,25707,2141,205,83132.62,15173.37,934.3,754.3,0.9496
2023-09-07,los_angeles,all,2474,31046,2609,220,105657.33,18136.8,1288.1,959.1,0.9483
2023-09-08,los_angeles,all,2347,29648,2437,262,97207.01,19288.88,1091.1,838.9,0.9631
2023-09-09,los_angeles,all,2768,33826,2925,222,116454.86,22948.23,1405.0,1015.8,0.9463
2023-09-10,los_angeles,all,2657,32249,2817,243,115478.63,19800.89,1210.7,872.8,0.9432
2023-09-11,los_angeles,all,2017,25135,2093,177,89298.81,17426.6,1064.0,841.1,0.9637
2023-09-12,los_angeles,all,2099,26050,2178,243,86791.13,16079.47,1114.4,815.6,0.9637
2023-09-13,los_angeles,all,2199,27368,2359,255,87535.89,16724.51,1041.8,807.2,0.9322
2023-09-14,los_angeles,all,2588,32537,2706,265,109109.56,21451.81,1260.3,995.1,0.9564
2023-09-15,los_angeles,all,2559,30889,2716,193,110007.22,20605.37,1182.0,854.9,0.9422
2023-09-16,los_angeles,all,3046,36242,3233,287,118588.32,20573.87,1461.3,1117.7,0.9422
2023-09-17,los_angeles,all,2643,32143,2833,217,106062.86,18038.89,1185.2,934.4,0.9329
2023-09-18,los_angeles,all,2154,26766,2298,246,87214.83,16126.69,1029.9,833.2,0.9373
2023-09-19,los_angeles,all,2029,25471,2175,156,84332.49,16738.06,1109.0,831.7,0.9329
2023-09-20,los_angeles,all,2192,27776,2326,159,88560.81,16576.69,1008.7,824.5,0.9424
2023-09-21,los_angeles,all,2124,26288,2235,223,92361.68,16734.84,1119.2,900.3,0.9503
2023-09-22,los_angeles,all,2724,33441,2859,252,105226.0,17986.03,1235.5,969.9,0.9528
2023-09-23,los_angeles,all,2928,35265,3071,328,113262.63,22363.64,1436.7,1090.7,0.9534
2023-09-24,los_angeles,all,2353,28540,2473,173,97176.16,17473.7,1132.5,895.9,0.9515
2023-09-25,los_angeles,all,1992,25066,2065,219,82929.21,15851.36,1108.9,888.9,0.9646
2023-09-26,los_angeles,all,2210,27821,2323,159,86069.0,16424.3,1069.7,802.6,0.9514
2023-09-27,los_angeles,all,2152,27191,2258,154,87641.98,15566.66,1008.5,826.2,0.9531
2023-09-28,los_angeles,all,2311,29880,2384,215,95115.69,16351.65,1200.6,973.5,0.9694
2023-09-29,los_angeles,all,2516,30305,2626,204,103593.97,18807.49,1310.3,1007.0,0.9581
2023-09-30,los_angeles,all,2777,33547,2965,277,117519.73,21096.43,1456.9,1154.3,0.9366
2023-10-01,los_angeles,all,2715,32410,2875,194,110258.01,21060.13,1221.1,943.2,0.9443
2023-10-02,los_angeles,all,2066,26118,2211,148,93183.74,18132.95,987.0,785.7,0.9344
2023-10-03,los_angeles,all,2160,26022,2283,230,92934.5,16419.05,1153.2,925.7,0.9461
2023-10-04,los_angeles,all,2238,28207,2401,180,90202.73,16763.9,1133.0,818.4,0.9321
2023-10-05,los_angeles,all,2231,28402,2387,229,94144.8,16119.31,1130.4,822.8,0.9346
2023-10-06,los_angeles,all,2570,31832,2660,276,108609.31,19161.69,1237.0,932.3,0.9662
2023-10-07,los_angeles,all,2693,33857,2905,196,119975.61,23137.64,1267.3,1028.7,0.927
2023-10-08,los_angeles,all,2475,29150,2551,269,100829.51,19540.96,1354.8,1029.4,0.9702
2023-10-09,los_angeles,all,2072,25221,2196,173,90362.84,17466.43,1076.1,870.3,0.9435
2023-10-10,los_angeles,all,2202,27215,2355,197,92677.54,16151.07,1020.7,782.1,0.935
2023-10-11,los_angeles,all,2366,30125,2476,176,106783.0,19918.34,1307.3,979.0,0.9556
2023-10-12,los_angeles,all,2441,29463,2587,273,109139.24,19937.69,1238.1,1002.9,0.9436
2023-10-13,los_angeles,all,2420,29585,2536,237,102641.05,20501.99,1183.5,918.5,0.9543
2023-10-14,los_angeles,all,2541,31008,2625,242,105322.43,19971.46,1217.5,920.5,0.968
2023-10-15,los_angeles,all,2748,32419,2832,325,118339.52,23437.86,1428.9,1035.2,0.9703
2023-10-16,los_angeles,all,2059,25413,2131,179,85697.75,14942.3,1004.4,734.3,0.9662
2023-10-17,los_angeles,all,2396,28703,2480,274,109086.63,20020.25,1245.7,914.3,0.9661
2023-10-18,los_angeles,all,2053,25543,2177,218,86564.31,16719.74,1040.3,787.0,0.943
2023-10-19,los_angeles,all,2346,29571,2478,273,96533.56,17476.02,1100.1,858.9,0.9467
2023-10-20,los_angeles,all,2659,32676,2799,307,109111.56,20619.38,1469.5,1103.2,0.95
2023-10-21,los_angeles,all,2743,34566,2920,328,108218.55,20058.42,1320.3,959.3,0.9394
2023-10-22,los_angeles,all,2533,30922,2611,194,109346.5,21842.83,1242.9,927.8,0.9701
2023-10-23,los_angeles,all,2168,26505,2262,238,87322.65,15300.34,1132.0,861.3,0.9584
2023-10-24,los_angeles,all,2172,26836,2322,239,96232.87,19059.93,1112.4,911.3,0.9354
2023-10-25,los_angeles,all,2227,27835,2395,228,87487.33,15926.82,1123.7,853.2,0.9299
2023-10-26,los_angeles,all,2327,29689,2448,195,98355.79,18101.38,1205.1,878.4,0.9506
2023-10-27,los_angeles,all,2581,31185,2669,305,114636.33,21306.09,1414.4,1100.6,0.967
2023-10-28,los_angeles,all,2825,33610,3023,227,105881.79,18842.83,1491.9,1211.4,0.9345
2023-10-29,los_angeles,all,2816,33892,3025,267,130207.22,25899.48,1488.2,1188.6,0.9309
2023-10-30,los_angeles,all,2019,25160,2121,194,82994.83,16378.58,957.3,769.3,0.9519
2023-10-31,los_angeles,all,2094,26617,2182,164,88568.45,17641.7,1012.7,823.1,0.9597
2023-11-01,los_angeles,all,2166,26629,2236,230,93571.29,18705.61,1101.9,863.5,0.9687
2023-11-02,los_angeles,all,2149,28673,2277,160,93534.95,17780.43,970.8,795.6,0.9438
2023-11-03,los_angeles,all,2566,30910,2760,269,109247.85,20052.5,1342.2,970.9,0.9297
2023-11-04,los_angeles,all,3107,35867,3306,349,137001.64,26786.84,1506.1,1210.1,0.9398
2023-11-05,los_angeles,all,2569,32153,2687,225,110698.33,18897.77,1211.5,976.1,0.9561
2023-11-06,los_angeles,all,2090,26266,2220,220,95508.51,18627.23,1006.2,816.7,0.9414
2023-11-07,los_angeles,all,2000,25019,2143,156,86193.78,15938.83,949.5,729.0,0.9333
2023-11-08,los_angeles,all,2333,29448,2458,262,107611.34,20467.31,1146.1,915.5,0.9491
2023-11-09,los_angeles,all,2361,28922,2529,278,103629.64,18779.91,1199.4,887.0,0.9336
2023-11-10,los_angeles,all,2671,32119,2803,207,102053.37,18477.65,1367.3,1066.9,0.9529
2023-11-11,los_angeles,all,2708,32769,2836,283,128584.82,21981.77,1290.5,975.4,0.9549
2023-11-12,los_angeles,all,2614,31228,2769,249,106635.2,19483.71,1241.4,967.8,0.944
2023-11-13,los_angeles,all,2072,25906,2182,200,93531.41,17046.16,1105.3,870.5,0.9496
2023-11-14,los_angeles,all,2357,27717,2543,248,99126.62,17520.01,1057.6,798.2,0.9269
2023-11-15,los_angeles,all,2179,27163,2301,206,96373.44,17098.55,1107.4,821.3,0.947
2023-11-16,los_angeles,all,2378,29628,2495,238,96437.87,18084.43,1192.6,897.0,0.9531
2023-11-17,los_angeles,all,2435,30598,2556,199,105469.74,18935.31,1247.4,981.0,0.9527
2023-11-18,los_angeles,all,2754,33793,2912,245,114203.7,22259.16,1493.6,1176.5,0.9457
2023-11-19,los_angeles,all,2699,32028,2828,306,122307.63,21200.99,1371.3,1089.0,0.9544
2023-11-20,los_angeles,all,2189,28127,2334,165,93954.51,17600.44,1184.5,867.8,0.9379
2023-11-21,los_angeles,all,1892,24728,1985,189,83182.69,14540.45,1026.1,822.8,0.9531
2023-11-22,los_angeles,all,2049,25603,2150,162,76746.19,14263.07,961.5,758.4,0.953
2023-11-23,los_angeles,all,2187,26623,2320,246,91460.99,17064.46,1050.9,759.9,0.9427
2023-11-24,los_angeles,all,2549,30912,2633,252,109255.64,20678.7,1232.3,928.6,0.9681
2023-11-25,los_angeles,all,2752,33629,2925,248,116876.32,21367.65,1361.5,1043.8,0.9409
2023-11-26,los_angeles,all,2438,30733,2573,201,107316.93,19884.14,1238.3,936.2,0.9475
2023-11-27,los_angeles,all,2051,25418,2159,188,84566.01,14835.29,975.0,713.4,0.95
2023-11-28,los_angeles,all,1978,24408,2108,233,83278.65,15314.15,928.5,687.8,0.9383
2023-11-29,los_angeles,all,2073,26886,2214,198,92208.23,16707.29,1015.4,733.6,0.9363
2023-11-30,los_angeles,all,2517,30780,2699,235,93669.53,17795.71,1319.7,962.5,0.9326
2023-12-01,los_angeles,all,2626,31395,2754,282,113542.03,20783.26,1361.6,1016.6,0.9535
2023-12-02,los_angeles,all,3082,36582,3225,274,127283.03,24614.02,1695.7,1359.9,0.9557
2023-12-03,los_angeles,all,2537,30445,2704,232,101693.44,18587.5,1193.7,922.3,0.9382
2023-12-04,los_angeles,all,1999,24671,2117,174,85370.78,15116.87,980.0,747.2,0.9443
2023-12-05,los_angeles,all,2077,25704,2205,161,92587.77,16500.13,1160.9,912.7,0.942
2023-12-06,los_angeles,all,2250,27652,2380,238,99409.95,17034.75,1185.8,918.0,0.9454
2023-12-07,los_angeles,all,2392,31044,2556,272,99785.3,18579.78,1219.3,893.9,0.9358
2023-12-08,los_angeles,all,2560,32040,2661,295,112227.98,21876.2,1293.4,960.0,0.962
2023-12-09,los_angeles,all,3024,37257,3199,345,132520.58,25586.19,1373.1,1019.2,0.9453
2023-12-10,los_angeles,all,2613,31799,2712,242,109266.57,20010.39,1406.7,1097.2,0.9635
2023-12-11,los_angeles,all,2202,27330,2313,185,89279.06,15702.72,1133.3,868.3,0.952
2023-12-12,los_angeles,all,2201,27346,2340,224,89505.88,17534.61,1129.0,856.6,0.9406
2023-12-13,los_angeles,all,2311,28269,2437,272,101128.19,17364.06,1175.9,912.1,0.9483
2023-12-14,los_angeles,all,2632,32172,2761,280,110311.05,20074.04,1270.9,1038.3,0.9533
2023-12-15,los_angeles,all,2383,29440,2560,226,94850.59,18562.11,1147.7,862.4,0.9309
2023-12-16,los_angeles,all,2902,35054,3101,303,111616.11,20291.28,1523.8,1176.4,0.9358
2023-12-17,los_angeles,all,2791,34462,2948,303,122097.45,21188.34,1383.4,1062.5,0.9467
2023-12-18,los_angeles,all,1990,24977,2144,231,81295.01,14468.76,922.3,730.2,0.9282
2023-12-19,los_angeles,all,2166,26918,2277,234,92474.8,17385.34,1083.1,858.9,0.9513
2023-12-20,los_angeles,all,1982,26596,2120,182,88403.91,15431.88,1079.9,856.3,0.9349
2023-12-21,los_angeles,all,2511,29958,2607,210,98559.91,18691.7,1234.5,913.7,0.9632
2023-12-22,los_angeles,all,2453,29447,2562,233,102793.48,18826.1,1216.7,930.7,0.9575
2023-12-23,los_angeles,all,3045,37412,3188,263,126798.5,22827.75,1581.2,1266.7,0.9551
2023-12-24,los_angeles,all,2808,32817,2907,329,120175.27,21298.39,1499.6,1136.9,0.9659
2023-12-25,los_angeles,all,2116,26651,2233,202,94378.33,18375.45,1073.7,878.7,0.9476
2023-12-26,los_angeles,all,2153,26859,2238,202,84415.15,15355.13,1182.0,894.2,0.962
2023-12-27,los_angeles,all,2261,28553,2401,198,97667.46,18767.23,1059.2,815.3,0.9417
2023-12-28,los_angeles,all,2400,29054,2495,245,105998.88,19420.12,1294.3,993.3,0.9619
2023-12-29,los_angeles,all,2676,32549,2773,257,111344.64,19235.46,1430.6,1092.1,0.965
2023-12-30,los_angeles,all,3158,38220,3406,241,131724.48,24133.92,1592.6,1281.3,0.9272
2023-12-31,los_angeles,all,2825,33487,3003,321,121132.45,22437.44,1443.6,1061.8,0.9407
2024-01-01,los_angeles,all,2045,25280,2202,180,87370.82,16053.1,968.7,752.5,0.9287
2024-01-02,los_angeles,all,2208,27643,2328,202,95436.25,18561.13,1103.7,862.9,0.9485
2024-01-03,los_angeles,all,2157,26389,2225,173,93136.43,18378.2,1005.9,809.9,0.9694
2024-01-04,los_angeles,all,2312,27516,2448,226,92336.33,17876.62,1028.7,803.3,0.9444
2024-01-05,los_angeles,all,2568,30977,2717,270,113196.31,21222.44,1413.3,1153.3,0.9452
2024-01-06,los_angeles,all,2944,35653,3035,336,130861.52,24372.11,1393.1,1124.5,0.97
2024-01-07,los_angeles,all,2758,33362,2960,200,116913.75,22136.27,1406.9,1062.0,0.9318
2024-01-08,los_angeles,all,2312,28176,2453,274,89849.58,16050.27,1089.7,878.3,0.9425
2024-01-09,los_angeles,all,2218,28075,2367,233,92621.54,18001.5,1076.5,878.3,0.9371
2024-01-10,los_angeles,all,2092,26305,2206,176,88718.06,17362.61,1035.3,772.0,0.9483
2024-01-11,los_angeles,all,2284,29466,2423,183,90438.04,16099.46,1113.4,869.6,0.9426
2024-01-12,los_angeles,all,2574,32005,2684,218,106161.31,20922.75,1310.5,980.5,0.959
2024-01-13,los_angeles,all,2775,34037,2993,316,108336.9,21175.75,1497.9,1175.8,0.9272
2024-01-14,los_angeles,all,2705,32872,2840,229,117059.72,21390.86,1333.4,972.5,0.9525
2024-01-15,los_angeles,all,2214,26744,2298,206,93759.59,18495.95,1220.2,968.1,0.9634
2024-01-16,los_angeles,all,2141,26491,2211,225,82522.39,14326.97,1112.5,847.7,0.9683
2024-01-17,los_angeles,all,2260,28787,2400,257,96588.05,16501.06,1146.5,892.8,0.9417
2024-01-18,los_angeles,all,2442,30986,2635,251,102274.21,18453.95,1161.3,839.1,0.9268
2024-01-19,los_angeles,all,2769,32709,2976,298,119300.9,22304.86,1286.0,1015.4,0.9304
2024-01-20,los_angeles,all,3227,38304,3437,254,132880.7,23990.72,1730.1,1331.5,0.9389
2024-01-21,los_angeles,all,2718,32968,2934,309,109581.32,21725.82,1354.6,1060.0,0.9264
2024-01-22,los_angeles,all,2014,25418,2147,169,81327.79,14447.17,992.8,746.2,0.9381
2024-01-23,los_angeles,all,2104,25728,2203,161,85990.15,15343.77,1148.3,843.5,0.9551
2024-01-24,los_angeles,all,2153,27468,2282,256,90511.11,17110.66,1016.4,776.1,0.9435
2024-01-25,los_angeles,all,2274,28215,2351,182,96214.56,16367.63,1201.9,978.8,0.9672
2024-01-26,los_angeles,all,2856,33157,2973,219,118808.14,22790.57,1375.5,1021.7,0.9606
2024-01-27,los_angeles,all,3000,36264,3153,304,123333.09,22363.26,1627.7,1282.0,0.9515
2024-01-28,los_angeles,all,2845,35074,2959,245,117390.54,23399.74,1359.4,985.5,0.9615
2024-01-29,los_angeles,all,2157,26761,2325,165,101953.24,19446.82,1017.4,805.6,0.9277
2024-01-30,los_angeles,all,2113,26682,2282,211,85326.06,14639.09,1099.6,817.9,0.9259
2024-01-31,los_angeles,all,2008,25829,2105,217,81983.14,14164.95,955.5,731.1,0.9539
2024-02-01,los_angeles,all,2456,30290,2617,269,120140.38,20741.64,1336.6,1011.5,0.9385
2024-02-02,los_angeles,all,2821,33497,2963,219,120976.12,24023.28,1449.1,1059.7,0.9521
2024-02-03,los_angeles,all,2894,35342,3001,283,113161.31,21559.67,1359.1,1025.5,0.9643
2024-02-04,los_angeles,all,2848,34828,2981,315,124655.94,22790.62,1313.8,991.9,0.9554
2024-02-05,los_angeles,all,2211,28192,2303,173,88636.6,15601.33,1203.4,929.3,0.9601
2024-02-06,los_angeles,all,2261,28355,2366,182,99278.31,19479.32,1185.7,969.0,0.9556
2024-02-07,los_angeles,all,2203,27864,2293,154,91550.03,16117.08,1195.1,916.6,0.9608
2024-02-08,los_angeles,all,2370,30257,2454,228,97351.14,18613.57,1102.9,894.9,0.9658
2024-02-09,los_angeles,all,2837,33185,2953,226,128740.92,24834.09,1533.0,1174.5,0.9607
2024-02-10,los_angeles,all,2854,34325,3069,303,123262.67,22044.26,1429.1,1044.3,0.9299
2024-02-11,los_angeles,all,2806,33680,2902,331,123585.44,22881.53,1465.0,1088.5,0.9669
2024-02-12,los_angeles,all,2275,27962,2380,183,97627.83,17249.83,1138.7,866.3,0.9559
2024-02-13,los_angeles,all,2133,26273,2253,219,87595.2,15886.96,994.8,748.6,0.9467
2024-02-14,los_angeles,all,2383,30045,2497,192,103145.4,20521.19,1312.7,1058.8,0.9543
2024-02-15,los_angeles,all,2401,29862,2535,170,106938.98,20403.33,1319.8,1039.8,0.9471
2024-02-16,los_angeles,all,2464,30066,2543,266,104185.19,20357.62,1201.8,934.8,0.9689
2024-02-17,los_angeles,all,3074,36994,3266,282,140738.32,26208.01,1662.1,1278.4,0.9412
2024-02-18,los_angeles,all,2749,33143,2909,323,120367.78,21325.7,1261.4,958.3,0.945
2024-02-19,los_angeles,all,2307,29080,2455,223,97920.99,18740.75,1056.9,825.7,0.9397
2024-02-20,los_angeles,all,2113,27152,2236,165,89861.92,16625.99,967.0,708.3,0.945
2024-02-21,los_angeles,all,2291,28564,2410,212,96882.26,16983.99,1116.2,821.8,0.9506
2024-02-22,los_angeles,all,2394,30067,2508,192,94257.52,17190.02,1067.8,801.2,0.9545
2024-02-23,los_angeles,all,2409,30390,2509,274,100722.33,19041.07,1178.6,868.8,0.9601
2024-02-24,los_angeles,all,2857,34327,3014,299,121321.05,23300.92,1320.4,1040.1,0.9479
2024-02-25,los_angeles,all,2859,34040,2948,249,117579.87,20846.51,1477.8,1067.7,0.9698
2024-02-26,los_angeles,all,2421,28819,2533,233,103398.78,20295.1,1285.7,946.3,0.9558
2024-02-27,los_angeles,all,2294,28910,2441,237,96450.65,17494.85,1185.3,960.4,0.9398
2024-02-28,los_angeles,all,2372,29987,2456,259,103477.91,18432.94,1105.7,906.4,0.9658
2024-02-29,los_angeles,all,2425,31015,2505,179,105226.9,18504.53,1291.1,992.5,0.9681
2024-03-01,los_angeles,all,2771,33496,2944,197,117354.68,22781.49,1287.5,990.8,0.9412
2024-03-02,los_angeles,all,2956,35732,3103,224,115664.89,20891.96,1524.9,1215.9,0.9526
2024-03-03,los_angeles,all,2913,35943,3117,261,133300.39,24594.18,1476.2,1068.2,0.9346
2024-03-04,los_angeles,all,2174,27280,2341,203,90660.21,16018.26,1059.5,808.1,0.9287
2024-03-05,los_angeles,all,2120,27609,2285,163,88679.89,16900.86,977.8,713.8,0.9278
2024-03-06,los_angeles,all,2262,27780,2378,205,93376.96,18062.0,1197.0,909.8,0.9512
2024-03-07,los_angeles,all,2395,30427,2499,221,98133.53,17681.97,1289.0,1054.9,0.9584
2024-03-08,los_angeles,all,2467,29964,2616,186,111613.3,22138.76,1274.3,1013.5,0.943
2024-03-09,los_angeles,all,3093,38652,3283,358,138908.77,23742.05,1683.6,1378.0,0.9421
2024-03-10,los_angeles,all,2574,31606,2731,257,110510.12,19227.47,1422.0,1129.9,0.9425
2024-03-11,los_angeles,all,2172,27320,2272,194,90733.67,17027.41,1014.8,792.4,0.956
2024-03-12,los_angeles,all,2149,26877,2220,205,93052.02,17776.86,1123.4,893.6,0.968
2024-03-13,los_angeles,all,2299,28481,2392,197,96914.28,17204.27,1152.0,905.4,0.9611
2024-03-14,los_angeles,all,2425,29482,2516,273,100881.29,18826.68,1206.6,924.7,0.9638
2024-03-15,los_angeles,all,2696,32252,2794,266,115146.22,20674.69,1263.9,947.0,0.9649
2024-03-16,los_angeles,all,3294,39232,3545,312,135296.34,25249.37,1813.1,1399.7,0.9292
2024-03-17,los_angeles,all,3036,35820,3129,351,129120.34,24504.44,1597.6,1191.6,0.9703
2024-03-18,los_angeles,all,2225,27516,2359,249,94404.22,18803.83,1065.0,818.6,0.9432
2024-03-19,los_angeles,all,2300,28783,2478,254,99512.18,18277.49,1123.3,825.2,0.9282
2024-03-20,los_angeles,all,2395,29358,2510,195,97476.05,18466.49,1180.4,916.6,0.9542
2024-03-21,los_angeles,all,2563,31380,2707,199,111468.17,20882.58,1336.3,994.9,0.9468
2024-03-22,los_angeles,all,2738,32809,2915,286,109784.89,19709.31,1490.4,1116.8,0.9393
2024-03-23,los_angeles,all,2982,37286,3119,279,121658.47,21605.56,1468.2,1130.4,0.9561
2024-03-24,los_angeles,all,2505,30921,2640,261,102427.59,20448.25,1263.8,930.5,0.9489
2024-03-25,los_angeles,all,2337,29384,2503,252,92892.69,16368.21,1194.8,975.2,0.9337
2024-03-26,los_angeles,all,2480,30540,2647,210,109449.57,21201.29,1226.4,937.8,0.9369
2024-03-27,los_angeles,all,2288,28627,2449,193,91439.9,15946.9,1131.9,854.8,0.9343
2024-03-28,los_angeles,all,2340,28615,2526,221,94845.53,18412.41,1073.8,776.3,0.9264
2024-03-29,los_angeles,all,2911,34432,3052,244,129936.43,22813.18,1373.0,1104.3,0.9538
2024-03-30,los_angeles,all,2956,35043,3155,306,120610.05,24003.17,1471.1,1151.3,0.9369
2024-03-31,los_angeles,all,2790,33063,2958,299,116077.67,22122.04,1499.2,1141.9,0.9432
2023-01-01,chicago,all,1477,18066,1545,109,51946.32,9194.55,635.2,481.4,0.956
2023-01-02,chicago,all,1161,15250,1239,133,37288.52,6843.86,583.0,433.8,0.937
2023-01-03,chicago,all,1330,17737,1384,142,49514.55,8708.61,641.3,487.6,0.961
2023-01-04,chicago,all,1309,16911,1365,141,44218.69,7754.27,696.1,522.2,0.959
2023-01-05,chicago,all,1416,18001,1525,161,51137.26,9154.58,772.0,607.9,0.9285
2023-01-06,chicago,all,1493,18689,1544,164,51575.86,8935.47,762.1,597.1,0.967
2023-01-07,chicago,all,1673,21123,1758,153,59057.39,10373.99,769.1,555.9,0.9516
2023-01-08,chicago,all,1499,19465,1587,114,57073.12,11308.55,754.9,582.1,0.9445
2023-01-09,chicago,all,1293,16808,1347,115,47785.29,9079.4,614.9,445.0,0.9599
2023-01-10,chicago,all,1423,18035,1486,166,54122.48,10696.39,730.2,575.2,0.9576
2023-01-11,chicago,all,1262,16802,1314,148,46182.5,8206.88,647.0,526.4,0.9604
2023-01-12,chicago,all,1379,17996,1444,149,50627.31,9908.29,736.4,597.0,0.955
2023-01-13,chicago,all,1412,17935,1518,113,46305.06,8375.11,678.7,502.6,0.9302
2023-01-14,chicago,all,1546,19757,1626,123,54772.39,9548.24,723.3,574.5,0.9508
2023-01-15,chicago,all,1651,20707,1735,188,58767.62,11409.22,883.6,706.3,0.9516
2023-01-16,chicago,all,1210,15576,1270,93,46225.14,7940.99,629.6,507.7,0.9528
2023-01-17,chicago,all,1251,16108,1349,124,43896.07,7995.48,640.7,477.9,0.9274
2023-01-18,chicago,all,1338,17728,1386,119,48805.89,9496.62,660.8,505.6,0.9654
2023-01-19,chicago,all,1392,18694,1494,118,50677.66,9553.53,747.0,554.4,0.9317
2023-01-20,chicago,all,1554,19488,1626,161,59182.25,10980.79,748.0,540.4,0.9557
2023-01-21,chicago,all,1670,21268,1800,197,59717.97,10785.6,817.4,642.4,0.9278
2023-01-22,chicago,all,1643,19980,1718,179,61596.1,10610.03,894.5,682.6,0.9563
2023-01-23,chicago,all,1267,15859,1310,119,41723.88,8333.48,576.6,429.5,0.9672
2023-01-24,chicago,all,1280,15987,1352,118,42361.3,7423.53,682.3,549.1,0.9467
2023-01-25,chicago,all,1290,17071,1343,149,41138.07,7308.56,620.7,477.7,0.9605
2023-01-26,chicago,all,1389,17835,1483,137,51969.12,9202.56,651.3,533.7,0.9366
2023-01-27,chicago,all,1681,20823,1787,159,62554.38,12338.12,758.0,605.9,0.9407
2023-01-28,chicago,all,1840,22851,1958,192,69210.29,13351.4,1012.0,816.6,0.9397
2023-01-29,chicago,all,1628,20664,1693,133,56623.06,10402.78,834.0,665.0,0.9616
2023-01-30,chicago,all,1224,15502,1304,90,42822.39,8507.21,611.8,447.0,0.9387
2023-01-31,chicago,all,1288,16726,1347,145,46087.36,7907.83,595.9,432.9,0.9562
2023-02-01,chicago,all,1304,16887,1408,131,50332.65,9905.97,627.3,509.1,0.9261
2023-02-02,chicago,all,1417,18987,1511,111,55332.28,9506.8,687.8,504.7,0.9378
2023-02-03,chicago,all,1654,20588,1752,140,61907.33,11250.66,878.4,666.8,0.9441
2023-02-04,chicago,all,1743,22082,1871,208,63786.54,10947.06,811.0,633.4,0.9316
2023-02-05,chicago,all,1795,22421,1902,183,68934.62,13784.79,855.5,634.1,0.9437
2023-02-06,chicago,all,1336,17269,1413,136,47480.75,9374.2,633.5,470.4,0.9455
2023-02-07,chicago,all,1389,17973,1447,102,49026.57,9194.64,694.6,532.5,0.9599
2023-02-08,chicago,all,1386,18016,1475,164,49574.12,8751.58,751.0,567.8,0.9397
2023-02-09,chicago,all,1485,18982,1557,170,50843.9,9065.64,771.1,607.4,0.9538
2023-02-10,chicago,all,1470,18599,1517,143,52456.93,9625.13,738.6,537.3,0.969
2023-02-11,chicago,all,1758,22826,1882,150,59752.07,10736.46,947.5,728.5,0.9341
2023-02-12,chicago,all,1513,18851,1562,159,57259.51,9770.73,749.0,552.3,0.9686
2023-02-13,chicago,all,1245,16438,1324,139,46038.4,8732.92,638.0,498.1,0.9403
2023-02-14,chicago,all,1253,16718,1300,137,48332.24,9105.93,638.6,467.2,0.9638
2023-02-15,chicago,all,1382,18320,1453,164,45699.0,9008.61,629.6,465.8,0.9511
2023-02-16,chicago,all,1393,17994,1495,142,54916.31,10121.38,723.6,579.2,0.9318
2023-02-17,chicago,all,1534,19375,1587,132,50882.08,9176.14,791.2,588.3,0.9666
2023-02-18,chicago,all,1665,21925,1770,158,56348.67,10443.97,854.8,678.5,0.9407
2023-02-19,chicago,all,1587,20161,1683,176,55358.56,9734.3,733.2,547.9,0.943
2023-02-20,chicago,all,1371,17397,1472,114,52583.19,9925.93,672.0,499.6,0.9314
2023-02-21,chicago,all,1443,18917,1499,118,52533.9,10144.35,781.7,586.2,0.9626
2023-02-22,chicago,all,1327,17295,1420,141,47189.59,8239.48,626.8,506.5,0.9345
2023-02-23,chicago,all,1411,17952,1485,130,48782.88,8759.04,624.5,474.4,0.9502
2023-02-24,chicago,all,1557,19322,1637,173,52195.8,10232.15,742.6,552.8,0.9511
2023-02-25,chicago,all,1742,21519,1826,134,66263.47,12269.74,868.1,671.6,0.954
2023-02-26,chicago,all,1449,19333,1520,126,54247.01,10087.51,754.0,572.0,0.9533
2023-02-27,chicago,all,1384,17375,1462,115,53193.22,10195.66,707.5,565.3,0.9466
2023-02-28,chicago,all,1319,16911,1366,138,48426.13,9072.0,723.5,592.6,0.9656
2023-03-01,chicago,all,1338,16563,1407,144,41804.76,7194.07,671.6,518.9,0.951
2023-03-02,chicago,all,1516,19997,1611,141,51179.78,9934.96,738.0,564.7,0.941
2023-03-03,chicago,all,1437,18772,1516,135,52934.44,10464.35,690.1,520.5,0.9479
2023-03-04,chicago,all,1714,21602,1780,131,60563.35,10392.57,794.0,649.0,0.9629
2023-03-05,chicago,all,1654,20965,1734,174,57880.22,10050.18,851.8,654.5,0.9539
2023-03-06,chicago,all,1355,17367,1426,162,46089.23,8805.77,616.9,455.1,0.9502
2023-03-07,chicago,all,1405,17865,1494,153,52976.45,9966.68,688.8,562.7,0.9404
2023-03-08,chicago,all,1348,17536,1449,109,49634.91,9007.52,728.5,594.5,0.9303
2023-03-09,chicago,all,1482,19342,1567,150,54688.98,10181.86,748.3,571.4,0.9458
2023-03-10,chicago,all,1571,19599,1671,133,54764.3,10465.47,737.4,556.6,0.9402
2023-03-11,chicago,all,1849,23423,1912,132,67150.72,12431.9,958.0,754.9,0.9671
2023-03-12,chicago,all,1691,21455,1822,134,56804.11,9895.6,880.2,706.7,0.9281
2023-03-13,chicago,all,1402,17838,1466,105,50144.37,8659.08,743.0,572.0,0.9563
2023-03-14,chicago,all,1284,16271,1345,102,40381.45,7396.5,650.2,489.7,0.9546
2023-03-15,chicago,all,1347,17117,1402,148,44689.95,8834.6,604.3,453.3,0.9608
2023-03-16,chicago,all,1436,18716,1485,122,50862.89,9497.8,672.0,505.8,0.967
2023-03-17,chicago,all,1396,18384,1493,151,56224.2,10162.33,652.1,477.2,0.935
2023-03-18,chicago,all,1837,23221,1914,216,60177.66,11870.72,994.7,793.6,0.9598
2023-03-19,chicago,all,1644,21040,1717,162,55504.0,10082.8,828.3,605.1,0.9575
2023-03-20,chicago,all,1217,15845,1265,115,44286.87,8205.22,645.6,490.5,0.9621
2023-03-21,chicago,all,1283,16888,1384,138,50274.31,8722.34,636.2,511.2,0.927
2023-03-22,chicago,all,1281,16644,1369,96,46582.17,8949.46,609.7,463.6,0.9357
2023-03-23,chicago,all,1392,18462,1498,127,51871.29,9907.89,656.2,491.8,0.9292
2023-03-24,chicago,all,1523,19704,1634,145,53902.49,10447.78,691.1,563.1,0.9321
2023-03-25,chicago,all,1719,21148,1848,192,60304.03,10840.0,825.3,604.7,0.9302
2023-03-26,chicago,all,1521,19550,1603,168,54981.0,10066.01,764.6,618.2,0.9488
2023-03-27,chicago,all,1305,16943,1355,147,45433.68,7953.18,730.0,530.1,0.9631
2023-03-28,chicago,all,1292,16460,1352,136,48196.36,9587.95,606.8,462.0,0.9556
2023-03-29,chicago,all,1496,19082,1563,144,49530.63,8548.11,779.1,610.2,0.9571
2023-03-30,chicago,all,1416,18104,1509,158,53244.4,10088.24,659.2,499.0,0.9384
2023-03-31,chicago,all,1624,20344,1675,185,58578.92,11197.81,866.2,670.0,0.9696
2023-04-01,chicago,all,1762,21894,1827,166,62750.99,10964.61,771.1,570.9,0.9644
2023-04-02,chicago,all,1608,19729,1711,192,53132.55,9614.85,840.1,652.7,0.9398
2023-04-03,chicago,all,1226,15788,1270,139,41973.8,7189.85,568.7,417.1,0.9654
2023-04-04,chicago,all,1207,16277,1246,115,46056.19,8598.61,578.8,462.8,0.9687
2023-04-05,chicago,all,1241,16286,1285,91,44210.03,8835.29,615.5,479.1,0.9658
2023-04-06,chicago,all,1458,18671,1552,118,53218.63,9733.5,711.2,546.3,0.9394
2023-04-07,chicago,all,1673,21356,1735,182,57579.38,11498.62,830.2,602.3,0.9643
2023-04-08,chicago,all,1728,21103,1792,131,62117.63,10795.22,815.9,628.2,0.9643
2023-04-09,chicago,all,1598,20170,1664,149,53581.14,9739.64,852.3,661.7,0.9603
2023-04-10,chicago,all,1248,16179,1332,125,45152.38,8897.68,589.2,439.9,0.9369
2023-04-11,chicago,all,1309,16632,1361,149,47997.3,9421.91,662.0,521.5,0.9618
2023-04-12,chicago,all,1376,17933,1420,155,50330.1,9044.71,725.4,527.9,0.969
2023-04-13,chicago,all,1435,18565,1543,155,49326.04,9389.62,736.1,545.4,0.93
2023-04-14,chicago,all,1650,20428,1772,149,58384.11,11477.43,767.5,609.2,0.9312
2023-04-15,chicago,all,1867,24247,1940,144,69017.29,13320.77,937.7,688.9,0.9624
2023-04-16,chicago,all,1625,20598,1695,168,57881.55,10931.18,760.1,565.9,0.9587
2023-04-17,chicago,all,1282,16383,1333,101,45489.01,7941.35,657.4,516.1,0.9617
2023-04-18,chicago,all,1352,17538,1441,133,53304.28,9178.47,665.4,527.6,0.9382
2023-04-19,chicago,all,1330,16776,1387,158,45603.33,8593.43,703.0,509.8,0.9589
2023-04-20,chicago,all,1425,19111,1534,139,54071.27,10003.63,749.7,549.3,0.9289
2023-04-21,chicago,all,1600,20876,1714,164,54274.52,9614.25,776.3,593.6,0.9335
2023-04-22,chicago,all,1688,20950,1788,175,62757.49,11219.98,804.4,626.9,0.9441
2023-04-23,chicago,all,1668,20667,1719,186,62174.16,11300.94,818.2,626.2,0.9703
2023-04-24,chicago,all,1270,16558,1364,117,44553.31,8236.38,678.2,532.2,0.9311
2023-04-25,chicago,all,1406,18111,1499,133,47534.81,8637.44,675.5,537.4,0.938
2023-04-26,chicago,all,1406,17989,1504,111,45629.23,8287.12,702.3,572.3,0.9348
2023-04-27,chicago,all,1420,18749,1468,143,49547.77,8595.15,700.2,528.6,0.9673
2023-04-28,chicago,all,1528,19533,1628,130,56455.31,11063.42,827.4,609.2,0.9386
2023-04-29,chicago,all,1817,22812,1945,173,61887.51,11651.85,926.7,691.7,0.9342
2023-04-30,chicago,all,1586,19638,1709,172,57372.77,10004.84,722.6,531.0,0.928
2023-05-01,chicago,all,1217,16177,1289,86,40577.73,7414.21,571.5,434.0,0.9441
2023-05-02,chicago,all,1127,14697,1189,111,40097.53,7317.86,562.0,453.7,0.9479
2023-05-03,chicago,all,1338,17461,1407,105,45405.46,8537.07,653.5,493.2,0.951
2023-05-04,chicago,all,1380,17772,1470,116,49486.3,9316.59,673.1,494.6,0.9388
2023-05-05,chicago,all,1634,20598,1758,117,57350.23,10859.65,783.5,605.1,0.9295
2023-05-06,chicago,all,1594,20315,1690,125,53968.6,10304.61,808.1,662.0,0.9432
2023-05-07,chicago,all,1657,20379,1726,198,57686.84,9985.63,884.5,653.5,0.96
2023-05-08,chicago,all,1335,17530,1376,160,45815.22,8207.69,673.3,537.2,0.9702
2023-05-09,chicago,all,1295,16913,1374,137,43557.24,7427.4,618.4,496.2,0.9425
2023-05-10,chicago,all,1325,17776,1422,133,50282.35,9233.81,653.0,496.4,0.9318
2023-05-11,chicago,all,1436,18913,1484,156,50765.02,9284.05,724.8,566.8,0.9677
2023-05-12,chicago,all,1655,20654,1738,190,53019.57,10181.34,938.0,715.9,0.9522
2023-05-13,chicago,all,1808,22650,1947,174,63059.59,11036.28,896.9,669.3,0.9286
2023-05-14,chicago,all,1731,21559,1826,124,65166.06,12312.79,896.3,683.5,0.948
2023-05-15,chicago,all,1354,17397,1410,143,46888.42,8402.44,724.3,528.4,0.9603
2023-05-16,chicago,all,1338,16685,1402,160,51775.17,9394.99,682.0,539.3,0.9544
2023-05-17,chicago,all,1318,17379,1384,109,45415.65,8700.67,603.7,484.7,0.9523
2023-05-18,chicago,all,1461,19610,1513,136,53919.86,9282.11,723.8,543.4,0.9656
2023-05-19,chicago,all,1486,19139,1580,131,56268.8,10144.34,702.6,545.7,0.9405
2023-05-20,chicago,all,1819,23259,1927,163,66958.03,12168.93,911.6,677.5,0.944
2023-05-21,chicago,all,1569,20172,1667,166,52602.15,10071.86,836.3,612.8,0.9412
2023-05-22,chicago,all,1277,16549,1354,114,43805.64,7708.77,639.5,502.9,0.9431
2023-05-23,chicago,all,1285,16286,1325,150,48966.37,9716.02,627.6,460.3,0.9698
2023-05-24,chicago,all,1306,16453,1357,143,45124.52,9021.87,634.6,506.5,0.9624
2023-05-25,chicago,all,1545,19869,1604,110,58333.36,11349.76,717.4,536.0,0.9632
2023-05-26,chicago,all,1800,21757,1863,200,63405.88,11349.11,895.1,717.7,0.9662
2023-05-27,chicago,all,1712,21734,1826,186,62067.85,11787.68,918.2,694.9,0.9376
2023-05-28,chicago,all,1635,21304,1694,157,54780.69,9449.36,860.8,651.5,0.9652
2023-05-29,chicago,all,1402,17836,1491,133,48936.98,9598.42,663.5,527.5,0.9403
2023-05-30,chicago,all,1322,17831,1373,148,45509.12,8441.02,597.8,460.9,0.9629
2023-05-31,chicago,all,1300,17146,1347,119,47327.9,8296.26,632.5,468.1,0.9651
2023-06-01,chicago,all,1463,18806,1519,114,52913.43,9515.03,730.3,587.9,0.9631
2023-06-02,chicago,all,1637,20671,1728,140,60295.24,11698.62,864.4,651.8,0.9473
2023-06-03,chicago,all,1823,23072,1937,152,64018.4,12554.44,931.8,680.5,0.9411
2023-06-04,chicago,all,1635,21106,1750,170,56122.33,10415.82,850.9,648.0,0.9343
2023-06-05,chicago,all,1337,17371,1386,106,48571.76,8957.09,697.6,542.3,0.9646
2023-06-06,chicago,all,1299,16543,1378,133,44356.62,8539.63,642.6,501.9,0.9427
2023-06-07,chicago,all,1425,18505,1523,133,54066.15,10531.31,728.2,585.2,0.9357
2023-06-08,chicago,all,1494,19732,1562,167,53476.03,10317.95,779.0,603.1,0.9565
2023-06-09,chicago,all,1645,21266,1701,155,58254.31,10575.07,883.7,656.0,0.9671
2023-06-10,chicago,all,1747,22389,1813,204,64345.36,12177.86,850.8,634.8,0.9636
2023-06-11,chicago,all,1762,22031,1823,203,63189.8,12367.56,928.3,677.7,0.9665
2023-06-12,chicago,all,1301,16778,1398,103,42953.17,7497.6,619.4,491.6,0.9306
2023-06-13,chicago,all,1434,18921,1504,150,48884.24,8879.53,761.9,556.6,0.9535
2023-06-14,chicago,all,1323,17977,1397,107,50146.83,8610.14,716.7,559.4,0.947
2023-06-15,chicago,all,1564,20139,1671,174,56540.15,10305.36,851.2,663.7,0.936
2023-06-16,chicago,all,1664,21363,1745,169,54867.37,10598.65,764.0,610.1,0.9536
2023-06-17,chicago,all,1796,22326,1908,152,65794.31,11573.93,839.6,610.8,0.9413
2023-06-18,chicago,all,1774,22707,1834,146,62078.17,11562.47,932.1,690.0,0.9673
2023-06-19,chicago,all,1306,17301,1377,119,44960.23,7692.59,662.3,537.1,0.9484
2023-06-20,chicago,all,1321,17108,1367,145,44833.72,8829.08,719.0,558.8,0.9663
2023-06-21,chicago,all,1464,18152,1526,161,55339.01,10768.98,711.6,544.9,0.9594
2023-06-22,chicago,all,1560,19963,1630,112,50640.88,9405.65,866.9,689.0,0.9571
2023-06-23,chicago,all,1701,21380,1813,145,58671.64,11216.47,885.9,717.8,0.9382
2023-06-24,chicago,all,1717,21494,1826,156,62183.26,10765.01,777.5,580.2,0.9403
2023-06-25,chicago,all,1588,20742,1695,158,61679.59,12049.5,752.1,609.3,0.9369
2023-06-26,chicago,all,1331,17677,1375,103,49242.93,9427.95,689.4,503.9,0.968
2023-06-27,chicago,all,1259,17214,1359,109,43406.74,7535.37,616.7,504.3,0.9264
2023-06-28,chicago,all,1547,19413,1598,177,59950.64,11955.4,841.1,619.5,0.9681
2023-06-29,chicago,all,1507,18995,1614,141,50576.09,8632.12,754.5,563.3,0.9337
2023-06-30,chicago,all,1621,20268,1730,174,59130.2,11167.05,817.6,596.6,0.937
2023-07-01,chicago,all,1947,24481,2063,183,71801.49,12576.22,920.9,737.1,0.9438
2023-07-02,chicago,all,1619,21057,1703,151,55716.25,10673.99,887.9,726.7,0.9507
2023-07-03,chicago,all,1387,18093,1481,140,51673.61,8893.66,734.5,550.7,0.9365
2023-07-04,chicago,all,1323,16581,1412,110,46404.22,8001.62,715.0,538.1,0.937
2023-07-05,chicago,all,1348,17458,1398,111,50214.69,9238.94,723.7,541.3,0.9642
2023-07-06,chicago,all,1533,20136,1640,183,50111.82,10013.36,780.5,574.0,0.9348
2023-07-07,chicago,all,1654,21604,1710,188,60541.29,10794.24,937.0,748.4,0.9673
2023-07-08,chicago,all,1880,23063,1983,201,66285.43,12486.57,950.3,690.0,0.9481
2023-07-09,chicago,all,1583,19979,1682,122,60263.97,11182.46,770.6,629.4,0.9411
2023-07-10,chicago,all,1317,17731,1411,94,47307.74,9237.48,607.5,493.7,0.9334
2023-07-11,chicago,all,1273,16847,1341,100,48690.48,8698.93,630.8,461.6,0.9493
2023-07-12,chicago,all,1375,18319,1433,161,50756.34,9473.59,718.9,555.7,0.9595
2023-07-13,chicago,all,1509,19652,1591,167,53977.66,10715.58,732.0,599.7,0.9485
2023-07-14,chicago,all,1673,20998,1744,161,62599.99,11266.59,866.6,697.8,0.9593
2023-07-15,chicago,all,1638,20851,1730,194,61309.2,11230.75,886.4,701.6,0.9468
2023-07-16,chicago,all,1661,20614,1749,128,61206.92,12037.22,808.6,584.0,0.9497
2023-07-17,chicago,all,1360,17634,1454,133,43348.45,7801.64,632.3,459.6,0.9354
2023-07-18,chicago,all,1280,16278,1334,101,43816.18,7949.14,659.9,527.5,0.9595
2023-07-19,chicago,all,1354,17713,1408,116,52117.34,9335.44,617.1,467.5,0.9616
2023-07-20,chicago,all,1486,18186,1566,174,50136.6,9740.84,790.7,622.2,0.9489
2023-07-21,chicago,all,1789,22803,1847,203,67245.7,13308.7,892.7,708.7,0.9686
2023-07-22,chicago,all,2017,25897,2101,151,75176.85,14203.39,984.5,750.4,0.96
2023-07-23,chicago,all,1561,20086,1635,129,54156.78,10219.87,768.2,564.1,0.9547
2023-07-24,chicago,all,1344,17532,1417,134,43557.14,7914.34,719.6,545.9,0.9485
2023-07-25,chicago,all,1260,16944,1315,92,44069.71,7508.36,630.0,508.5,0.9582
2023-07-26,chicago,all,1368,17663,1447,133,54364.9,9525.72,674.2,507.7,0.9454
2023-07-27,chicago,all,1560,21062,1675,155,53735.92,9372.79,756.7,549.6,0.9313
2023-07-28,chicago,all,1628,20456,1721,138,56280.51,9763.34,878.4,716.7,0.946
2023-07-29,chicago,all,1755,22737,1833,149,60028.64,11382.72,801.3,631.5,0.9574
2023-07-30,chicago,all,1660,21090,1715,135,63389.78,11035.56,781.2,604.7,0.9679
2023-07-31,chicago,all,1452,18630,1505,170,51637.12,8910.97,672.5,540.0,0.9648
2023-08-01,chicago,all,1278,15862,1352,114,44568.17,8088.12,649.6,494.4,0.9453
2023-08-02,chicago,all,1320,17523,1405,131,50878.41,9029.43,624.2,510.9,0.9395
2023-08-03,chicago,all,1533,19973,1583,130,56787.06,9902.29,791.9,638.1,0.9684
2023-08-04,chicago,all,1613,20628,1676,170,55398.93,9660.68,737.8,551.9,0.9624
2023-08-05,chicago,all,1891,24261,1978,142,63911.17,11356.13,988.0,748.0,0.956
2023-08-06,chicago,all,1710,21872,1789,126,65124.85,12120.09,806.7,603.1,0.9558
2023-08-07,chicago,all,1330,16999,1434,143,47920.19,9236.27,662.5,520.7,0.9275
2023-08-08,chicago,all,1491,19553,1551,159,49518.62,9685.02,706.8,554.1,0.9613
2023-08-09,chicago,all,1423,17684,1470,118,46660.73,8984.18,750.1,579.3,0.968
2023-08-10,chicago,all,1613,20775,1690,142,54827.69,10354.01,882.6,720.7,0.9544
2023-08-11,chicago,all,1683,21653,1745,198,56833.11,11209.12,784.9,602.2,0.9645
2023-08-12,chicago,all,1835,23299,1902,138,59301.81,11005.95,992.4,792.3,0.9648
2023-08-13,chicago,all,1697,21737,1782,134,57733.45,10911.66,801.8,630.1,0.9523
2023-08-14,chicago,all,1356,17328,1417,124,46572.71,8492.47,662.4,511.3,0.957
2023-08-15,chicago,all,1331,17866,1377,112,46807.51,8417.0,690.6,500.1,0.9666
2023-08-16,chicago,all,1348,17987,1429,138,52635.68,9471.86,645.7,507.4,0.9433
2023-08-17,chicago,all,1479,19442,1560,155,52533.61,9164.46,710.6,557.3,0.9481
2023-08-18,chicago,all,1662,20670,1718,160,59330.68,11504.1,763.3,559.1,0.9674
2023-08-19,chicago,all,1845,22701,1980,186,68111.24,11692.05,970.6,776.1,0.9318
2023-08-20,chicago,all,1709,20962,1785,157,60793.96,11565.48,812.7,623.1,0.9574
2023-08-21,chicago,all,1336,17165,1440,144,49058.29,9612.18,716.3,539.0,0.9278
2023-08-22,chicago,all,1352,17589,1456,97,49354.9,9126.85,670.1,537.7,0.9286
2023-08-23,chicago,all,1503,19211,1581,129,54439.65,9369.39,823.4,621.1,0.9507
2023-08-24,chicago,all,1452,19303,1512,151,59502.44,10880.17,645.8,505.1,0.9603
2023-08-25,chicago,all,1766,23118,1893,153,66472.29,11984.74,911.8,712.8,0.9329
2023-08-26,chicago,all,1764,22040,1849,130,60069.32,11987.8,836.9,607.0,0.954
2023-08-27,chicago,all,1690,21743,1755,147,61966.22,11819.31,801.6,611.0,0.963
2023-08-28,chicago,all,1350,17552,1428,143,46676.08,8945.04,609.8,452.6,0.9454
2023-08-29,chicago,all,1428,18505,1506,109,52555.04,9747.64,735.4,544.2,0.9482
2023-08-30,chicago,all,1481,19138,1588,157,49650.03,9497.18,692.9,544.3,0.9326
2023-08-31,chicago,all,1529,19491,1631,166,51995.17,9966.28,775.7,559.4,0.9375
2023-09-01,chicago,all,1690,20951,1815,172,61886.17,10643.85,917.5,749.5,0.9311
2023-09-02,chicago,all,1873,23520,1998,154,70791.54,12507.32,898.7,682.6,0.9374
2023-09-03,chicago,all,1719,21858,1826,190,63439.28,10809.36,761.9,571.3,0.9414
2023-09-04,chicago,all,1271,16474,1341,103,47710.05,8840.4,597.5,485.2,0.9478
2023-09-05,chicago,all,1434,18850,1548,165,52588.9,10321.83,665.0,511.2,0.9264
2023-09-06,chicago,all,1384,18051,1492,146,50253.72,9462.1,662.7,517.9,0.9276
2023-09-07,chicago,all,1533,18918,1644,112,53798.11,9952.99,818.9,646.6,0.9325
2023-09-08,chicago,all,1733,21763,1852,191,64924.08,12840.62,828.6,668.8,0.9357
2023-09-09,chicago,all,1907,23826,2019,182,72170.0,12641.77,888.4,651.2,0.9445
2023-09-10,chicago,all,1741,22263,1816,161,62478.21,10761.13,906.5,660.1,0.9587
2023-09-11,chicago,all,1609,20482,1728,146,57585.36,11374.21,777.4,637.0,0.9311
2023-09-12,chicago,all,1495,19123,1541,150,58102.47,11451.04,776.2,559.6,0.9701
2023-09-13,chicago,all,1387,17742,1444,147,49881.01,9501.79,749.3,592.6,0.9605
2023-09-14,chicago,all,1589,20543,1669,182,57420.48,10185.21,776.9,606.8,0.9521
2023-09-15,chicago,all,1781,21992,1887,149,65668.33,13074.1,894.6,693.5,0.9438
2023-09-16,chicago,all,1832,22518,1938,186,65629.47,12663.89,979.8,782.5,0.9453
2023-09-17,chicago,all,1691,21198,1757,176,58379.05,11104.68,884.0,724.2,0.9624
2023-09-18,chicago,all,1352,17598,1400,140,49591.82,8762.25,728.6,528.0,0.9657
2023-09-19,chicago,all,1459,18616,1519,138,52422.22,9718.7,780.1,609.6,0.9605
2023-09-20,chicago,all,1303,17232,1365,117,51228.81,9973.09,650.1,514.7,0.9546
2023-09-21,chicago,all,1488,19609,1534,161,55679.78,10902.54,739.7,555.2,0.97
2023-09-22,chicago,all,1762,22234,1876,150,61543.37,11498.94,918.8,743.6,0.9392
2023-09-23,chicago,all,1875,24482,1954,151,69960.58,12990.55,963.2,737.5,0.9596
2023-09-24,chicago,all,1835,22748,1922,179,67076.88,12807.02,932.9,687.0,0.9547
2023-09-25,chicago,all,1298,17190,1359,108,49787.34,9252.85,601.8,484.7,0.9551
2023-09-26,chicago,all,1535,20127,1620,110,53810.93,9822.13,794.7,647.1,0.9475
2023-09-27,chicago,all,1332,17367,1429,97,48404.37,8352.78,660.6,482.2,0.9321
2023-09-28,chicago,all,1371,17795,1422,144,49111.46,8534.66,628.5,499.8,0.9641
2023-09-29,chicago,all,1724,21884,1805,205,62245.47,12001.44,863.9,640.6,0.9551
2023-09-30,chicago,all,1781,22484,1896,165,61278.23,10462.64,852.7,614.5,0.9393
2023-10-01,chicago,all,1749,22078,1805,135,64777.09,11113.75,902.3,673.2,0.969
2023-10-02,chicago,all,1370,17956,1468,152,50350.7,9926.1,625.6,503.9,0.9332
2023-10-03,chicago,all,1340,17676,1445,111,51339.96,9812.09,691.0,507.3,0.9273
2023-10-04,chicago,all,1469,18673,1558,176,52857.49,8992.45,764.8,560.6,0.9429
2023-10-05,chicago,all,1527,20701,1646,150,53840.02,9656.82,733.8,582.6,0.9277
2023-10-06,chicago,all,1682,21287,1767,137,62941.67,12141.42,804.5,611.9,0.9519
2023-10-07,chicago,all,1989,25314,2090,189,68760.59,12550.73,981.6,721.3,0.9517
2023-10-08,chicago,all,1744,21804,1806,151,66189.98,12183.19,898.3,667.4,0.9657
2023-10-09,chicago,all,1313,17560,1355,143,49827.19,9156.44,630.4,504.0,0.969
2023-10-10,chicago,all,1280,16788,1334,96,48976.77,8623.05,625.0,489.0,0.9595
2023-10-11,chicago,all,1431,18625,1508,161,52486.11,10058.53,710.7,565.8,0.9489
2023-10-12,chicago,all,1480,18818,1562,160,51983.97,8997.92,683.0,498.4,0.9475
2023-10-13,chicago,all,1630,20414,1697,184,59000.36,10927.9,733.1,561.4,0.9605
2023-10-14,chicago,all,1896,24478,2011,218,69553.1,12178.66,1060.9,848.4,0.9428
2023-10-15,chicago,all,1574,20042,1635,128,55077.01,9439.98,708.8,529.2,0.9627
2023-10-16,chicago,all,1537,19610,1608,148,59020.2,10287.06,711.6,524.4,0.9558
2023-10-17,chicago,all,1355,18031,1409,152,50194.83,9842.2,734.7,557.0,0.9617
2023-10-18,chicago,all,1405,18275,1496,125,48323.57,8470.37,712.5,536.8,0.9392
2023-10-19,chicago,all,1470,19095,1552,107,57902.08,10326.9,716.1,528.9,0.9472
2023-10-20,chicago,all,1772,22510,1890,150,64102.63,11163.01,901.7,735.2,0.9376
2023-10-21,chicago,all,1976,23638,2041,162,67244.49,12915.4,1095.2,841.5,0.9682
2023-10-22,chicago,all,1695,21539,1782,192,58486.89,10724.36,808.3,631.1,0.9512
2023-10-23,chicago,all,1436,18479,1549,134,55541.62,11014.41,682.9,500.0,0.927
2023-10-24,chicago,all,1276,16834,1318,133,50127.63,9520.73,680.0,531.1,0.9681
2023-10-25,chicago,all,1415,18185,1487,167,53511.16,9949.95,738.2,572.5,0.9516
2023-10-26,chicago,all,1491,19032,1539,127,57216.76,10853.96,819.2,666.2,0.9688
2023-10-27,chicago,all,1743,22232,1808,188,66565.01,11396.78,830.8,632.4,0.964
2023-10-28,chicago,all,1870,23596,1969,133,69194.58,13736.49,1016.7,811.5,0.9497
2023-10-29,chicago,all,1821,23378,1890,137,66634.53,13239.81,888.2,666.5,0.9635
2023-10-30,chicago,all,1341,17825,1416,105,49579.12,8839.17,693.3,539.3,0.947
2023-10-31,chicago,all,1456,18522,1567,125,54344.95,10262.98,780.9,634.6,0.9292
2023-11-01,chicago,all,1405,18445,1461,127,48704.5,8574.79,653.5,511.4,0.9617
2023-11-02,chicago,all,1404,19156,1454,132,52393.81,9767.47,655.9,518.9,0.9656
2023-11-03,chicago,all,1764,21481,1890,145,68135.4,13158.56,889.7,718.5,0.9333
2023-11-04,chicago,all,1941,24864,2044,142,69154.98,13706.15,1048.7,852.1,0.9496
2023-11-05,chicago,all,1719,21781,1846,179,60914.75,10975.41,760.6,563.5,0.9312
2023-11-06,chicago,all,1458,18328,1524,104,53738.65,10253.61,803.8,594.5,0.9567
2023-11-07,chicago,all,1459,19004,1549,161,50817.87,9731.26,708.6,549.2,0.9419
2023-11-08,chicago,all,1478,19261,1591,172,49704.74,8779.57,734.3,601.8,0.929
2023-11-09,chicago,all,1522,20263,1581,161,57936.29,10942.48,747.5,574.8,0.9627
2023-11-10,chicago,all,1574,20507,1684,157,55386.36,10504.72,841.1,633.4,0.9347
2023-11-11,chicago,all,1907,24114,2024,196,68715.33,13256.72,869.4,672.7,0.9422
2023-11-12,chicago,all,1701,21283,1821,175,59367.92,11873.49,847.7,615.8,0.9341
2023-11-13,chicago,all,1342,17321,1394,156,51396.13,8799.38,620.1,457.5,0.9627
2023-11-14,chicago,all,1397,18313,1469,165,52437.4,9232.61,768.9,565.1,0.951
2023-11-15,chicago,all,1478,19184,1532,135,52567.54,9165.27,774.3,559.7,0.9648
2023-11-16,chicago,all,1502,20246,1619,151,50882.03,8885.68,720.1,570.5,0.9277
2023-11-17,chicago,all,1711,21367,1768,188,60527.53,11114.52,785.4,591.1,0.9678
2023-11-18,chicago,all,1872,23515,1934,131,69313.19,13610.07,908.0,669.1,0.9679
2023-11-19,chicago,all,1850,22430,1989,178,67228.16,12333.79,925.0,713.4,0.9301
2023-11-20,chicago,all,1262,16393,1319,130,45679.83,8681.65,668.5,502.9,0.9568
2023-11-21,chicago,all,1455,19256,1542,154,52934.44,9596.75,724.5,550.1,0.9436
2023-11-22,chicago,all,1377,17898,1438,122,51452.75,9240.39,668.7,502.6,0.9576
2023-11-23,chicago,all,1485,19414,1578,126,53348.11,10404.32,729.7,525.7,0.9411
2023-11-24,chicago,all,1690,21120,1757,134,62208.94,11798.95,822.7,649.0,0.9619
2023-11-25,chicago,all,2047,25784,2155,200,70055.6,12646.92,963.3,704.2,0.9499
2023-11-26,chicago,all,1825,23597,1928,212,74089.4,14627.09,832.1,617.3,0.9466
2023-11-27,chicago,all,1374,18445,1438,158,48761.96,9018.79,656.1,484.9,0.9555
2023-11-28,chicago,all,1461,18877,1523,129,53131.41,9332.44,710.6,535.2,0.9593
2023-11-29,chicago,all,1442,18226,1495,120,53382.32,9848.86,643.9,473.9,0.9645
2023-11-30,chicago,all,1551,20107,1652,170,54689.16,10404.12,801.1,604.6,0.9389
2023-12-01,chicago,all,1717,21291,1783,182,61836.18,11193.18,828.2,616.5,0.963
2023-12-02,chicago,all,1941,23983,2028,185,69860.89,13644.78,989.0,718.1,0.9571
2023-12-03,chicago,all,1801,22583,1885,161,61872.87,11508.0,806.1,650.6,0.9554
2023-12-04,chicago,all,1327,17521,1397,101,48819.61,8984.42,659.0,494.6,0.9499
2023-12-05,chicago,all,1471,19033,1567,161,48589.19,9511.89,651.7,475.4,0.9387
2023-12-06,chicago,all,1432,18165,1506,144,56069.78,10310.53,661.7,510.9,0.9509
2023-12-07,chicago,all,1556,19995,1670,138,58236.95,10624.3,700.2,512.8,0.9317
2023-12-08,chicago,all,1728,21459,1839,200,64195.93,11113.05,867.2,691.4,0.9396
2023-12-09,chicago,all,1929,24544,2068,199,63414.03,11470.0,1024.9,744.2,0.9328
2023-12-10,chicago,all,1773,22440,1890,206,61298.72,11150.94,828.7,635.2,0.9381
2023-12-11,chicago,all,1369,17820,1420,128,52707.62,9245.9,693.4,564.7,0.9641
2023-12-12,chicago,all,1428,18569,1541,132,62078.35,11648.05,726.9,534.9,0.9267
2023-12-13,chicago,all,1483,18826,1586,173,56577.11,9862.25,738.2,546.4,0.9351
2023-12-14,chicago,all,1446,19705,1531,171,54754.96,9675.79,736.1,574.2,0.9445
2023-12-15,chicago,all,1774,22346,1842,209,65540.35,12245.08,854.7,699.1,0.9631
2023-12-16,chicago,all,1902,24012,1975,211,65570.51,11676.11,981.1,744.2,0.963
2023-12-17,chicago,all,1648,21363,1748,153,62280.08,11782.77,824.8,647.4,0.9428
2023-12-18,chicago,all,1477,18926,1552,119,50244.33,9582.37,797.0,586.0,0.9517
2023-12-19,chicago,all,1387,18278,1475,124,46909.65,8398.64,666.5,522.6,0.9403
2023-12-20,chicago,all,1471,19239,1543,172,49583.95,8559.26,735.9,548.4,0.9533
2023-12-21,chicago,all,1758,22023,1856,155,66375.58,12258.48,824.2,644.0,0.9472
2023-12-22,chicago,all,1833,22642,1905,198,65798.57,11369.13,909.0,662.5,0.9622
2023-12-23,chicago,all,1977,24631,2052,230,71530.91,13265.91,883.9,682.8,0.9635
2023-12-24,chicago,all,1841,23036,1903,218,66224.95,12701.05,852.6,634.1,0.9674
2023-12-25,chicago,all,1329,17320,1423,156,45151.06,8515.94,690.1,543.9,0.9339
2023-12-26,chicago,all,1533,19138,1622,150,53337.19,9784.6,811.9,645.3,0.9451
2023-12-27,chicago,all,1532,19588,1651,145,53441.11,10601.42,680.5,547.7,0.9279
2023-12-28,chicago,all,1518,20010,1620,181,50808.24,8792.49,784.9,643.0,0.937
2023-12-29,chicago,all,1753,22734,1873,142,61517.02,12081.95,897.8,687.7,0.9359
2023-12-30,chicago,all,1944,24235,2052,154,66200.29,12843.11,1053.8,829.4,0.9474
2023-12-31,chicago,all,1773,22378,1898,209,65671.59,11991.12,924.4,667.3,0.9341
2024-01-01,chicago,all,1316,17590,1417,137,48941.71,8544.54,595.7,482.8,0.9287
2024-01-02,chicago,all,1646,21201,1755,159,55423.21,9681.1,757.8,592.3,0.9379
2024-01-03,chicago,all,1455,19003,1506,111,51603.12,10199.57,751.8,573.0,0.9661
2024-01-04,chicago,all,1486,19094,1579,142,58460.59,10348.18,677.6,517.3,0.9411
2024-01-05,chicago,all,1652,20642,1712,194,56555.6,11097.54,900.1,716.3,0.965
2024-01-06,chicago,all,1996,25470,2064,200,73388.82,13584.19,1070.6,860.1,0.9671
2024-01-07,chicago,all,1937,24115,2062,175,70099.91,12888.01,1068.2,855.4,0.9394
2024-01-08,chicago,all,1372,17999,1470,134,52091.0,9823.6,665.8,513.4,0.9333
2024-01-09,chicago,all,1567,20530,1626,179,57245.39,10101.02,823.7,623.6,0.9637
2024-01-10,chicago,all,1542,20246,1594,178,54314.9,9931.54,772.0,628.8,0.9674
2024-01-11,chicago,all,1567,19900,1683,141,56600.31,11215.61,709.2,555.6,0.9311
2024-01-12,chicago,all,1693,21467,1755,170,61195.97,10840.73,789.2,611.1,0.9647
2024-01-13,chicago,all,2061,25287,2126,173,73855.83,14597.42,969.5,756.0,0.9694
2024-01-14,chicago,all,1926,23436,2053,178,64762.9,12941.33,903.4,707.4,0.9381
2024-01-15,chicago,all,1465,19310,1571,119,56018.02,9610.3,775.8,613.9,0.9325
2024-01-16,chicago,all,1317,18170,1390,127,49940.09,9285.93,721.9,559.7,0.9475
2024-01-17,chicago,all,1476,18771,1560,146,50361.8,8821.1,713.0,575.8,0.9462
2024-01-18,chicago,all,1699,22212,1779,148,60244.32,11365.18,849.3,684.5,0.955
2024-01-19,chicago,all,1788,22931,1863,149,63643.58,12708.75,825.3,630.7,0.9597
2024-01-20,chicago,all,2076,26475,2217,161,70414.32,13865.03,975.5,718.8,0.9364
2024-01-21,chicago,all,1876,23845,2012,144,61232.2,12108.39,859.4,668.3,0.9324
2024-01-22,chicago,all,1490,18860,1559,157,51841.47,9144.86,761.1,595.2,0.9557
2024-01-23,chicago,all,1509,19538,1575,122,53355.94,9938.59,801.4,619.0,0.9581
2024-01-24,chicago,all,1556,19696,1624,118,51979.39,9202.69,827.9,669.8,0.9581
2024-01-25,chicago,all,1669,21460,1723,200,60615.68,11940.24,897.4,654.5,0.9687
2024-01-26,chicago,all,1833,23253,1914,152,69824.73,12270.62,833.4,624.0,0.9577
2024-01-27,chicago,all,1897,24098,1956,218,71167.49,12427.18,989.2,797.9,0.9698
2024-01-28,chicago,all,1914,23864,2047,192,68467.54,11664.46,889.7,724.2,0.935
2024-01-29,chicago,all,1437,18356,1498,152,46971.59,8241.56,694.8,529.8,0.9593
2024-01-30,chicago,all,1450,18458,1544,142,54067.98,9499.36,720.0,532.3,0.9391
2024-01-31,chicago,all,1662,21692,1757,131,60269.95,10386.0,761.0,579.9,0.9459
2024-02-01,chicago,all,1547,20016,1658,174,56873.65,11149.07,743.1,568.9,0.9331
2024-02-02,chicago,all,1853,23091,1998,206,73165.68,14150.24,886.3,684.2,0.9274
2024-02-03,chicago,all,1934,24573,2028,169,66752.67,11857.57,912.1,681.7,0.9536
2024-02-04,chicago,all,1751,22588,1811,189,53975.16,10444.07,960.8,721.8,0.9669
2024-02-05,chicago,all,1591,20996,1698,155,54259.12,9911.24,778.1,611.2,0.937
2024-02-06,chicago,all,1419,18512,1463,164,52325.46,10112.71,700.5,547.9,0.9699
2024-02-07,chicago,all,1457,18672,1517,160,52522.62,9437.8,797.7,627.2,0.9604
2024-02-08,chicago,all,1668,21128,1722,120,56398.17,10543.05,842.1,638.1,0.9686
2024-02-09,chicago,all,1703,22062,1831,194,56956.0,10334.57,844.6,636.5,0.9301
2024-02-10,chicago,all,2036,25971,2098,241,71996.43,12644.75,1117.4,843.8,0.9704
2024-02-11,chicago,all,1742,22118,1837,187,58804.75,11029.95,824.5,672.1,0.9483
2024-02-12,chicago,all,1476,18875,1552,112,54519.22,10496.31,703.8,534.6,0.951
2024-02-13,chicago,all,1425,18710,1514,157,50244.69,9676.79,709.1,553.5,0.9412
2024-02-14,chicago,all,1405,18407,1468,144,48994.02,8852.66,705.6,544.9,0.9571
2024-02-15,chicago,all,1580,21113,1696,137,54723.46,10154.56,852.2,688.3,0.9316
2024-02-16,chicago,all,1717,21433,1832,196,62625.21,12081.24,790.0,598.0,0.9372
2024-02-17,chicago,all,2149,27173,2260,211,77528.82,13306.65,1101.8,841.1,0.9509
2024-02-18,chicago,all,1659,21188,1738,187,60327.08,10385.71,875.2,703.9,0.9545
2024-02-19,chicago,all,1384,18067,1482,143,50272.74,9113.78,743.9,547.6,0.9339
2024-02-20,chicago,all,1558,19794,1664,132,55885.53,9875.2,726.8,566.5,0.9363
2024-02-21,chicago,all,1417,18784,1488,168,48376.9,8767.8,677.1,514.6,0.9523
2024-02-22,chicago,all,1460,19282,1529,144,50640.56,8751.33,773.2,632.9,0.9549
2024-02-23,chicago,all,2009,24700,2073,193,70896.78,13311.6,1037.9,822.2,0.9691
2024-02-24,chicago,all,1963,24706,2030,177,77965.16,14825.25,872.1,628.8,0.967
2024-02-25,chicago,all,1859,23129,1920,143,62410.52,12092.36,844.5,678.9,0.9682
2024-02-26,chicago,all,1414,18218,1458,147,49837.62,9445.01,748.0,591.2,0.9698
2024-02-27,chicago,all,1572,20435,1631,144,56870.06,10344.18,785.6,609.7,0.9638
2024-02-28,chicago,all,1505,19682,1615,176,53358.27,10567.49,763.6,567.8,0.9319
2024-02-29,chicago,all,1565,19998,1674,185,59365.37,11385.68,842.9,619.5,0.9349
2024-03-01,chicago,all,1871,23051,2006,203,66317.04,12323.72,874.8,684.8,0.9327
2024-03-02,chicago,all,2060,25418,2186,169,73290.32,12914.16,968.6,740.0,0.9424
2024-03-03,chicago,all,1895,24462,2011,200,70998.7,13452.07,957.6,772.0,0.9423
2024-03-04,chicago,all,1453,18390,1506,103,57043.74,10710.05,816.4,609.2,0.9648
2024-03-05,chicago,all,1615,21125,1720,180,62231.6,11855.11,767.9,601.8,0.939
2024-03-06,chicago,all,1437,18949,1500,136,51378.53,9938.34,727.0,541.5,0.958
2024-03-07,chicago,all,1599,20843,1688,187,57421.49,11337.96,729.2,571.4,0.9473
2024-03-08,chicago,all,1798,22289,1938,160,64879.2,12876.68,857.2,621.3,0.9278
2024-03-09,chicago,all,1965,24505,2109,163,71259.94,13461.4,1055.3,801.2,0.9317
2024-03-10,chicago,all,1752,22199,1825,210,60399.8,12018.27,788.6,581.4,0.96
2024-03-11,chicago,all,1418,18112,1513,137,53438.56,10545.71,654.4,510.8,0.9372
2024-03-12,chicago,all,1457,18863,1508,165,52993.85,9013.11,762.3,573.0,0.9662
2024-03-13,chicago,all,1436,18869,1481,166,51580.06,9755.26,708.1,564.5,0.9696
2024-03-14,chicago,all,1683,22176,1736,161,56737.19,9949.1,838.1,613.0,0.9695
2024-03-15,chicago,all,1716,21452,1782,159,61968.39,11083.4,913.6,708.6,0.963
2024-03-16,chicago,all,1929,24359,2054,188,62870.39,11249.08,938.7,731.6,0.9391
2024-03-17,chicago,all,1813,23497,1900,204,63369.85,11691.35,907.9,655.7,0.9542
2024-03-18,chicago,all,1553,19839,1601,184,54333.92,9254.48,735.3,532.1,0.97
2024-03-19,chicago,all,1492,19571,1610,129,54482.75,9647.47,683.1,512.9,0.9267
2024-03-20,chicago,all,1556,19590,1644,166,61281.08,10471.32,841.1,656.8,0.9465
2024-03-21,chicago,all,1455,19445,1527,123,53877.83,10210.75,728.1,594.3,0.9528
2024-03-22,chicago,all,1697,21464,1792,171,65516.29,12885.65,930.0,678.0,0.947
2024-03-23,chicago,all,1840,23527,1943,203,68376.94,13670.85,985.2,778.6,0.947
2024-03-24,chicago,all,1865,23978,1965,213,70916.8,13010.16,987.4,779.3,0.9491
2024-03-25,chicago,all,1456,19089,1544,135,57283.16,10185.19,689.7,542.8,0.943
2024-03-26,chicago,all,1484,18612,1594,131,51469.12,10067.01,691.2,533.3,0.931
2024-03-27,chicago,all,1461,18917,1527,121,50499.77,8756.4,810.3,661.8,0.9568
2024-03-28,chicago,all,1597,21072,1684,122,59414.56,11836.99,787.3,606.4,0.9483
2024-03-29,chicago,all,1652,21612,1702,146,59461.06,11383.53,858.6,690.2,0.9706
2024-03-30,chicago,all,1974,25767,2118,224,71846.96,13300.17,1063.2,793.4,0.932
2024-03-31,chicago,all,1854,23621,1938,169,65914.15,11396.52,860.8,689.2,0.9567
2023-01-01,miami,all,883,11835,945,95,31744.23,5518.55,459.7,344.0,0.9344
2023-01-02,miami,all,829,11072,859,63,28307.88,4907.89,408.6,300.0,0.9651
2023-01-03,miami,all,827,11182,863,90,30140.45,5689.44,447.6,325.9,0.9583
2023-01-04,miami,all,870,11754,937,89,29451.06,5102.82,404.5,317.0,0.9285
2023-01-05,miami,all,925,12343,967,106,29994.7,5963.14,485.2,378.2,0.9566
2023-01-06,miami,all,980,12635,1022,81,36917.64,6585.15,513.5,413.8,0.9589
2023-01-07,miami,all,1180,15413,1273,112,38720.44,6612.45,648.2,487.1,0.9269
2023-01-08,miami,all,1018,13322,1053,73,36411.81,7124.33,504.2,369.9,0.9668
2023-01-09,miami,all,831,10753,863,96,27804.78,5033.43,401.3,321.0,0.9629
2023-01-10,miami,all,862,11341,907,89,31869.58,5745.73,409.1,335.0,0.9504
2023-01-11,miami,all,908,12031,971,92,33786.83,5864.0,410.0,310.0,0.9351
2023-01-12,miami,all,865,11618,929,92,31076.04,5898.63,397.6,320.7,0.9311
2023-01-13,miami,all,937,12495,1001,79,34838.73,6297.58,536.8,427.4,0.9361
2023-01-14,miami,all,1055,13492,1138,106,36938.55,7191.56,516.0,418.6,0.9271
2023-01-15,miami,all,1067,13912,1100,117,41516.76,7843.29,480.9,366.7,0.97
2023-01-16,miami,all,778,10600,825,58,28245.9,5547.42,357.9,261.3,0.943
2023-01-17,miami,all,827,11199,857,98,27641.68,5215.34,429.0,314.0,0.965
2023-01-18,miami,all,790,10843,850,91,27746.23,5365.52,400.8,319.2,0.9294
2023-01-19,miami,all,925,12200,996,109,32128.14,6133.14,420.6,339.1,0.9287
2023-01-20,miami,all,975,12568,1019,108,33697.71,6196.26,539.1,412.8,0.9568
2023-01-21,miami,all,1022,13308,1095,87,32806.21,6254.84,536.6,389.5,0.9333
2023-01-22,miami,all,1038,13578,1102,103,37032.74,7032.83,484.4,352.0,0.9419
2023-01-23,miami,all,734,10020,760,56,23910.0,4069.51,385.4,300.6,0.9658
2023-01-24,miami,all,828,11652,878,89,25320.68,4835.22,382.8,310.8,0.9431
2023-01-25,miami,all,892,12361,962,69,30682.99,5457.42,443.9,337.3,0.9272
2023-01-26,miami,all,872,11921,912,99,29366.51,5469.65,462.6,363.2,0.9561
2023-01-27,miami,all,1032,13741,1063,85,34564.06,5991.33,547.9,424.2,0.9708
2023-01-28,miami,all,1128,14658,1217,88,33354.49,5693.3,539.3,436.3,0.9269
2023-01-29,miami,all,1092,14042,1147,80,36594.04,6237.59,535.9,430.5,0.952
2023-01-30,miami,all,779,10518,819,82,27028.28,4723.08,360.3,266.6,0.9512
2023-01-31,miami,all,794,10397,846,63,26908.84,4590.56,401.9,316.6,0.9385
2023-02-01,miami,all,817,11173,866,65,29148.8,5071.07,421.0,338.8,0.9434
2023-02-02,miami,all,946,12774,989,74,35415.55,6614.75,435.2,353.8,0.9565
2023-02-03,miami,all,1032,13506,1068,88,37052.56,6743.87,594.6,463.2,0.9663
2023-02-04,miami,all,1089,13930,1167,127,40071.05,7991.07,566.0,417.5,0.9332
2023-02-05,miami,all,1010,13180,1065,95,37310.38,7247.95,473.3,367.2,0.9484
2023-02-06,miami,all,825,11082,877,69,27404.02,4779.35,453.7,356.9,0.9407
2023-02-07,miami,all,783,10911,840,61,28006.7,5111.33,409.6,306.1,0.9321
2023-02-08,miami,all,919,12599,947,65,33765.46,6176.69,446.4,364.8,0.9704
2023-02-09,miami,all,923,12169,990,81,31600.81,5715.43,463.8,344.6,0.9323
2023-02-10,miami,all,995,13563,1062,75,33448.32,6183.51,536.4,435.1,0.9369
2023-02-11,miami,all,1179,15014,1270,84,42359.36,8052.35,635.9,484.9,0.9283
2023-02-12,miami,all,1014,13122,1056,76,32860.85,6218.15,477.4,343.8,0.9602
2023-02-13,miami,all,780,10669,816,67,25814.87,4665.08,402.0,311.3,0.9559
2023-02-14,miami,all,850,11642,904,91,28758.2,5497.17,426.0,333.5,0.9403
2023-02-15,miami,all,884,11469,951,65,31636.95,5653.03,507.6,409.6,0.9295
2023-02-16,miami,all,936,12266,1011,97,33118.58,6460.24,460.2,356.2,0.9258
2023-02-17,miami,all,935,12255,983,94,34414.22,6846.06,470.4,343.1,0.9512
2023-02-18,miami,all,1121,14617,1185,128,37426.52,6693.44,612.4,497.7,0.946
2023-02-19,miami,all,1052,13926,1093,83,35024.15,6778.6,489.9,380.4,0.9625
2023-02-20,miami,all,841,11300,895,92,30206.07,5872.14,395.4,295.4,0.9397
2023-02-21,miami,all,855,11674,916,97,28729.99,5307.09,448.6,363.3,0.9334
2023-02-22,miami,all,815,10988,872,97,27664.25,4775.75,403.3,295.3,0.9346
2023-02-23,miami,all,934,12142,978,103,29655.12,5740.8,523.1,381.7,0.955
2023-02-24,miami,all,1005,13166,1084,77,35686.53,6502.95,456.0,352.7,0.9271
2023-02-25,miami,all,1055,14089,1093,124,39770.61,7009.26,571.2,447.0,0.9652
2023-02-26,miami,all,1120,15050,1181,124,37182.59,7020.05,533.0,411.0,0.9483
2023-02-27,miami,all,866,11636,916,70,31858.39,5833.53,494.0,401.6,0.9454
2023-02-28,miami,all,777,10625,821,61,27114.23,4680.65,374.6,279.6,0.9464
2023-03-01,miami,all,957,12831,1022,112,30538.37,6092.72,452.2,370.4,0.9364
2023-03-02,miami,all,848,11801,899,66,28352.23,5027.98,472.7,341.3,0.9433
2023-03-03,miami,all,1028,13252,1063,112,34259.32,6349.24,548.9,401.7,0.9671
2023-03-04,miami,all,1121,14970,1165,101,38614.05,7337.39,546.9,403.9,0.9622
2023-03-05,miami,all,934,12201,987,99,33375.7,5789.1,435.5,317.0,0.9463
2023-03-06,miami,all,832,11276,886,62,31812.03,6113.71,384.6,293.8,0.9391
2023-03-07,miami,all,853,11112,901,91,27718.66,5251.26,484.2,390.5,0.9467
2023-03-08,miami,all,857,11501,898,82,29267.96,5409.09,403.2,323.4,0.9543
2023-03-09,miami,all,980,12708,1012,113,32763.39,6089.07,551.5,438.2,0.9684
2023-03-10,miami,all,1049,13566,1122,83,34387.31,6830.83,512.0,369.0,0.9349
2023-03-11,miami,all,1187,15089,1252,90,41743.27,8237.07,635.7,512.7,0.9481
2023-03-12,miami,all,1105,14511,1168,88,38677.86,6705.17,551.5,418.9,0.9461
2023-03-13,miami,all,861,11511,907,64,27402.05,4961.49,357.8,283.8,0.9493
2023-03-14,miami,all,872,11468,910,104,30547.7,5666.69,483.3,383.1,0.9582
2023-03-15,miami,all,874,11564,912,67,28746.35,5680.26,402.5,296.9,0.9583
2023-03-16,miami,all,1020,13597,1054,82,35721.11,6947.65,572.8,441.9,0.9677
2023-03-17,miami,all,998,13132,1063,110,37147.18,6745.72,468.3,380.5,0.9389
2023-03-18,miami,all,1086,14239,1133,89,38890.06,7645.25,526.7,393.1,0.9585
2023-03-19,miami,all,979,12514,1023,79,34569.13,6268.93,526.6,416.8,0.957
2023-03-20,miami,all,790,10358,853,82,26918.98,4795.23,393.8,321.3,0.9261
2023-03-21,miami,all,825,11250,866,74,28971.54,5455.25,380.4,287.6,0.9527
2023-03-22,miami,all,868,11868,916,97,31235.58,5643.55,415.0,314.9,0.9476
2023-03-23,miami,all,882,12103,926,90,31586.44,5959.48,404.0,309.2,0.9525
2023-03-24,miami,all,1059,13612,1106,89,36881.12,6723.08,547.2,438.3,0.9575
2023-03-25,miami,all,1086,14468,1119,108,38423.12,7449.21,472.5,361.0,0.9705
2023-03-26,miami,all,1034,13303,1109,117,33807.68,6715.2,521.8,401.1,0.9324
2023-03-27,miami,all,838,11163,883,74,28253.1,5032.14,390.4,289.8,0.949
2023-03-28,miami,all,860,11715,917,92,31164.88,5774.86,446.3,365.4,0.9378
2023-03-29,miami,all,861,11246,928,78,31403.73,6021.13,460.5,372.7,0.9278
2023-03-30,miami,all,906,12565,933,88,31858.4,5567.43,468.8,365.7,0.9711
2023-03-31,miami,all,974,12325,1036,104,36610.9,7098.02,469.7,383.3,0.9402
2023-04-01,miami,all,1070,13893,1108,78,38401.27,7199.82,494.5,390.0,0.9657
2023-04-02,miami,all,953,12994,1003,88,32966.2,5752.35,439.4,358.5,0.9501
2023-04-03,miami,all,906,11828,972,68,29776.08,5837.51,464.0,341.6,0.9321
2023-04-04,miami,all,835,11037,863,89,31327.35,5726.67,393.0,291.8,0.9676
2023-04-05,miami,all,830,11280,896,83,30168.89,5288.56,417.2,337.3,0.9263
2023-04-06,miami,all,929,12763,984,80,35438.6,6232.3,457.8,348.8,0.9441
2023-04-07,miami,all,1012,13664,1062,75,39257.49,7598.88,569.5,431.2,0.9529
2023-04-08,miami,all,1142,14239,1177,133,37398.05,7407.49,576.9,458.9,0.9703
2023-04-09,miami,all,1122,14941,1189,96,36748.21,6664.2,578.5,453.0,0.9437
2023-04-10,miami,all,786,10859,829,66,23571.67,4062.93,394.8,297.8,0.9481
2023-04-11,miami,all,845,11317,879,63,30933.03,5352.18,454.8,345.6,0.9613
2023-04-12,miami,all,840,11690,886,83,30365.03,5758.25,443.6,337.5,0.9481
2023-04-13,miami,all,904,12419,932,75,31794.69,5758.74,486.4,356.4,0.97
2023-04-14,miami,all,1090,13968,1177,122,35811.15,6545.7,587.4,436.4,0.9261
2023-04-15,miami,all,1264,16372,1323,132,44043.06,7932.66,648.4,501.7,0.9554
2023-04-16,miami,all,1026,13520,1081,72,36241.64,6667.24,472.1,376.8,0.9491
2023-04-17,miami,all,895,12051,957,88,32550.94,6162.1,463.2,352.9,0.9352
2023-04-18,miami,all,885,12030,943,72,31397.79,5847.34,445.8,338.1,0.9385
2023-04-19,miami,all,896,12083,963,63,32400.84,5667.79,406.5,319.1,0.9304
2023-04-20,miami,all,919,12571,990,93,31965.37,5905.24,428.6,315.3,0.9283
2023-04-21,miami,all,1008,13325,1048,81,37364.13,6868.21,518.5,393.1,0.9618
2023-04-22,miami,all,1192,15779,1251,137,43037.79,8021.04,540.5,400.4,0.9528
2023-04-23,miami,all,1069,14181,1138,105,35194.54,6099.92,560.9,440.4,0.9394
2023-04-24,miami,all,882,11631,910,71,33014.26,5764.48,485.7,355.2,0.9692
2023-04-25,miami,all,855,11346,911,102,31758.76,5904.19,429.0,328.1,0.9385
2023-04-26,miami,all,870,11934,896,85,31158.69,5554.44,409.1,318.9,0.971
2023-04-27,miami,all,800,11033,861,63,28393.0,5362.61,405.1,325.4,0.9292
2023-04-28,miami,all,973,12762,1037,93,36879.2,6681.87,478.0,378.8,0.9383
2023-04-29,miami,all,1209,15153,1279,143,38859.32,6863.41,616.8,502.3,0.9453
2023-04-30,miami,all,1004,13404,1056,92,37320.83,7079.46,524.9,413.6,0.9508
2023-05-01,miami,all,860,11620,928,78,29383.31,5342.39,458.1,345.8,0.9267
2023-05-02,miami,all,801,10771,855,75,29570.16,5166.75,372.6,276.9,0.9368
2023-05-03,miami,all,880,11881,942,74,30985.38,6019.35,462.0,335.3,0.9342
2023-05-04,miami,all,912,12401,977,71,29936.29,5476.93,428.1,320.1,0.9335
2023-05-05,miami,all,1109,14170,1143,110,37851.38,7473.83,580.4,425.8,0.9703
2023-05-06,miami,all,1168,15135,1206,134,42968.41,7553.93,539.0,408.0,0.9685
2023-05-07,miami,all,1079,13868,1122,115,37368.07,7335.0,551.5,435.8,0.9617
2023-05-08,miami,all,856,11392,910,64,29029.01,5645.48,427.5,337.4,0.9407
2023-05-09,miami,all,887,11736,941,80,30069.92,5205.63,411.1,309.1,0.9426
2023-05-10,miami,all,918,11983,960,65,33161.77,6166.45,520.9,401.5,0.9562
2023-05-11,miami,all,955,12524,1030,82,36350.75,6892.48,455.5,337.8,0.9272
2023-05-12,miami,all,1029,12859,1065,106,32159.8,5945.2,447.3,344.6,0.9662
2023-05-13,miami,all,1165,14866,1245,98,46484.9,8446.67,619.4,477.6,0.9357
2023-05-14,miami,all,1060,14041,1117,119,37477.95,7432.45,528.4,396.4,0.949
2023-05-15,miami,all,884,11713,929,83,31837.61,6081.77,424.0,316.3,0.9516
2023-05-16,miami,all,869,11542,896,90,29751.55,5919.85,434.6,355.5,0.9699
2023-05-17,miami,all,932,12090,994,106,32614.27,6372.4,458.8,355.0,0.9376
2023-05-18,miami,all,937,12865,1001,98,33110.67,6440.49,518.0,402.1,0.9361
2023-05-19,miami,all,997,12886,1043,115,33064.59,6340.76,509.0,366.9,0.9559
2023-05-20,miami,all,1139,15091,1203,126,38259.08,7245.6,519.8,383.7,0.9468
2023-05-21,miami,all,1151,14890,1220,113,42671.02,8389.37,532.8,402.6,0.9434
2023-05-22,miami,all,876,11851,918,74,28280.25,5328.06,486.8,397.5,0.9542
2023-05-23,miami,all,895,11941,949,76,32015.78,5515.0,502.3,370.5,0.9431
2023-05-24,miami,all,831,11521,874,95,28546.18,5351.75,367.5,275.7,0.9508
2023-05-25,miami,all,909,12057,976,66,30286.76,5242.19,464.5,380.4,0.9314
2023-05-26,miami,all,1004,13066,1070,118,38604.68,7662.22,458.8,352.4,0.9383
2023-05-27,miami,all,1185,15449,1227,102,39495.6,7480.47,549.5,413.1,0.9658
2023-05-28,miami,all,1092,13735,1168,117,36060.38,6731.37,601.9,471.6,0.9349
2023-05-29,miami,all,836,11346,875,72,28986.46,5099.72,454.3,349.6,0.9554
2023-05-30,miami,all,871,11648,938,102,29313.52,5436.87,395.7,322.8,0.9286
2023-05-31,miami,all,867,11654,919,62,30354.68,5472.22,505.8,368.4,0.9434
2023-06-01,miami,all,954,12800,984,84,33649.44,6402.2,477.3,381.4,0.9695
2023-06-02,miami,all,1167,14604,1245,132,41324.23,7774.42,623.9,466.6,0.9373
2023-06-03,miami,all,1126,14701,1167,94,39165.87,7244.87,580.1,464.5,0.9649
2023-06-04,miami,all,1047,13841,1124,88,35358.46,6279.03,521.9,420.0,0.9315
2023-06-05,miami,all,936,12147,1008,108,33813.89,6281.68,512.1,412.2,0.9286
2023-06-06,miami,all,871,11809,927,97,30314.75,5573.39,422.1,340.5,0.9396
2023-06-07,miami,all,828,11528,875,62,28261.85,5526.26,410.5,325.0,0.9463
2023-06-08,miami,all,953,13034,1010,94,35823.26,7051.1,453.7,333.1,0.9436
2023-06-09,miami,all,973,13048,1023,79,33848.44,6525.22,513.7,372.5,0.9511
2023-06-10,miami,all,1133,15364,1172,91,41820.14,7510.45,503.0,379.3,0.9667
2023-06-11,miami,all,1014,13349,1092,102,37667.02,6446.43,509.8,392.3,0.9286
2023-06-12,miami,all,796,10738,833,61,29653.73,5864.32,424.0,318.1,0.9556
2023-06-13,miami,all,894,11758,935,84,32371.32,6466.51,436.8,346.9,0.9561
2023-06-14,miami,all,866,11512,900,72,30309.04,5268.03,409.5,324.4,0.9622
2023-06-15,miami,all,945,12587,1020,106,32969.09,6282.87,447.2,365.4,0.9265
2023-06-16,miami,all,1101,14659,1186,108,38064.64,6956.48,591.7,449.7,0.9283
2023-06-17,miami,all,1296,16652,1358,105,40445.48,7055.94,635.7,507.7,0.9543
2023-06-18,miami,all,1086,13817,1133,126,39376.09,7872.98,553.7,439.7,0.9585
2023-06-19,miami,all,881,11776,943,98,31211.9,6179.86,450.1,368.6,0.9343
2023-06-20,miami,all,886,11828,931,74,32289.98,6441.15,502.3,400.5,0.9517
2023-06-21,miami,all,881,12169,950,104,30654.61,5343.62,460.2,344.4,0.9274
2023-06-22,miami,all,888,11707,955,74,32113.14,5933.15,413.0,298.0,0.9298
2023-06-23,miami,all,1135,14323,1212,96,36988.93,7282.13,628.9,513.7,0.9365
2023-06-24,miami,all,1111,14428,1149,99,36611.66,6965.54,606.5,480.1,0.9669
2023-06-25,miami,all,1094,14476,1165,86,33549.29,6140.8,569.5,456.3,0.9391
2023-06-26,miami,all,868,11731,937,91,30175.92,5597.66,419.8,335.6,0.9264
2023-06-27,miami,all,851,11554,892,83,28634.52,4901.03,385.8,306.2,0.954
2023-06-28,miami,all,899,12189,966,103,30043.75,5658.61,458.2,364.3,0.9306
2023-06-29,miami,all,1070,14230,1124,88,38076.64,7455.08,562.8,457.5,0.952
2023-06-30,miami,all,1103,14336,1190,87,37783.66,6426.39,541.9,439.7,0.9269
2023-07-01,miami,all,1177,15087,1251,103,38243.19,6684.87,519.3,393.6,0.9408
2023-07-02,miami,all,1078,13984,1116,83,42530.7,7891.13,494.3,357.4,0.9659
2023-07-03,miami,all,857,11750,903,101,29939.49,5593.56,425.9,308.3,0.9491
2023-07-04,miami,all,883,12014,912,93,29231.24,5270.41,398.9,305.0,0.9682
2023-07-05,miami,all,919,12514,965,101,31087.74,5310.97,471.3,378.7,0.9523
2023-07-06,miami,all,981,13265,1055,105,34037.76,6545.73,538.6,433.4,0.9299
2023-07-07,miami,all,1039,13114,1082,85,36046.36,6390.58,486.1,369.6,0.9603
2023-07-08,miami,all,1227,15441,1322,95,45741.07,8660.49,596.6,447.5,0.9281
2023-07-09,miami,all,1116,14352,1155,102,38904.87,7266.43,503.6,388.1,0.9662
2023-07-10,miami,all,856,11497,910,95,32739.1,5988.8,394.7,317.0,0.9407
2023-07-11,miami,all,845,11700,911,73,28935.55,5431.45,474.3,371.7,0.9276
2023-07-12,miami,all,964,12921,1024,68,34459.4,6576.62,514.8,377.9,0.9414
2023-07-13,miami,all,993,13586,1067,102,36530.95,6837.4,530.3,401.0,0.9306
2023-07-14,miami,all,1094,13848,1181,88,40578.12,7576.98,606.8,470.6,0.9263
2023-07-15,miami,all,1173,15839,1246,114,43747.95,8009.48,557.7,431.6,0.9414
2023-07-16,miami,all,1063,13783,1136,75,36698.99,6712.28,554.3,445.1,0.9357
2023-07-17,miami,all,799,10951,824,76,27957.32,5164.53,377.4,306.9,0.9697
2023-07-18,miami,all,906,12208,953,81,27778.88,5099.16,415.2,303.1,0.9507
2023-07-19,miami,all,968,12865,1011,110,33547.96,6145.0,454.4,337.4,0.9575
2023-07-20,miami,all,912,12043,977,97,33661.64,5934.92,468.9,356.0,0.9335
2023-07-21,miami,all,1094,14321,1164,79,40006.99,7671.15,594.1,445.4,0.9399
2023-07-22,miami,all,1176,15146,1247,129,40982.01,7130.4,598.3,455.2,0.9431
2023-07-23,miami,all,1117,14795,1203,122,42416.39,8367.11,523.9,379.3,0.9285
2023-07-24,miami,all,837,11214,866,86,28732.53,5423.13,390.7,283.9,0.9665
2023-07-25,miami,all,873,11520,941,102,29460.92,5051.58,449.9,361.6,0.9277
2023-07-26,miami,all,868,11610,898,96,29668.86,5630.26,463.8,338.7,0.9666
2023-07-27,miami,all,1015,13814,1063,82,33531.22,6063.97,475.5,381.5,0.9548
2023-07-28,miami,all,1042,13696,1106,93,37604.94,7441.75,516.6,387.8,0.9421
2023-07-29,miami,all,1162,14882,1217,102,41256.63,8172.21,572.7,430.1,0.9548
2023-07-30,miami,all,1169,15619,1244,111,42162.87,8237.69,614.1,448.3,0.9397
2023-07-31,miami,all,848,11647,906,100,29065.07,5436.2,433.8,312.9,0.936
2023-08-01,miami,all,936,12462,1003,94,32664.88,6453.77,437.0,330.2,0.9332
2023-08-02,miami,all,965,13109,1003,83,30096.2,5703.06,487.1,391.4,0.9621
2023-08-03,miami,all,985,13663,1024,115,35123.52,6893.13,487.7,396.0,0.9619
2023-08-04,miami,all,1054,13420,1088,111,37072.31,6480.3,549.9,399.3,0.9688
2023-08-05,miami,all,1140,15232,1202,95,37704.45,7432.51,525.6,380.1,0.9484
2023-08-06,miami,all,1112,14600,1153,128,38716.34,7350.21,575.5,423.5,0.9644
2023-08-07,miami,all,933,12722,976,81,32234.0,5773.05,519.1,413.5,0.9559
2023-08-08,miami,all,835,11312,895,80,31803.1,6358.53,411.9,305.0,0.933
2023-08-09,miami,all,855,11723,921,80,28337.29,5401.27,418.0,310.6,0.9283
2023-08-10,miami,all,1006,13363,1078,117,35793.48,7060.35,476.4,385.4,0.9332
2023-08-11,miami,all,1095,14287,1128,91,36234.82,6165.99,475.1,383.6,0.9707
2023-08-12,miami,all,1241,15905,1313,108,42223.44,7877.63,662.1,521.1,0.9452
2023-08-13,miami,all,1030,13628,1069,106,36548.97,6994.59,564.4,415.6,0.9635
2023-08-14,miami,all,907,11719,951,104,31409.51,5352.56,397.7,301.5,0.9537
2023-08-15,miami,all,891,12469,937,67,31175.66,6013.06,475.3,353.4,0.9509
2023-08-16,miami,all,936,13013,1008,75,33305.0,6312.74,456.8,359.6,0.9286
2023-08-17,miami,all,1022,13304,1085,120,34887.04,6218.36,515.0,411.0,0.9419
2023-08-18,miami,all,1116,14447,1164,121,40786.74,7776.74,550.4,404.1,0.9588
2023-08-19,miami,all,1141,14811,1212,100,39325.03,6839.69,548.1,443.8,0.9414
2023-08-20,miami,all,1170,15158,1261,103,40750.26,7934.94,589.3,451.6,0.9278
2023-08-21,miami,all,876,11659,905,82,31213.89,6117.51,449.8,359.6,0.968
2023-08-22,miami,all,917,12273,982,95,32459.28,5990.82,438.8,318.2,0.9338
2023-08-23,miami,all,903,12400,940,89,32623.04,6042.55,503.2,380.4,0.9606
2023-08-24,miami,all,980,12989,1017,107,34843.59,6343.68,458.9,331.1,0.9636
2023-08-25,miami,all,1058,13650,1137,77,37898.41,6835.36,459.3,363.7,0.9305
2023-08-26,miami,all,1140,14493,1174,126,39250.88,7700.51,614.0,447.0,0.971
2023-08-27,miami,all,1191,15038,1271,87,39457.41,7068.64,577.7,435.5,0.9371
2023-08-28,miami,all,912,12203,943,104,29641.49,5397.29,442.5,353.2,0.9671
2023-08-29,miami,all,907,12519,962,65,29093.17,5207.6,443.5,352.5,0.9428
2023-08-30,miami,all,918,11934,974,70,34961.82,6632.31,421.5,330.5,0.9425
2023-08-31,miami,all,938,12896,1007,74,29197.73,5676.81,459.3,362.6,0.9315
2023-09-01,miami,all,1173,15234,1256,95,43505.42,7610.41,568.2,446.1,0.9339
2023-09-02,miami,all,1293,16991,1376,116,43397.58,7709.24,671.8,526.8,0.9397
2023-09-03,miami,all,1095,14442,1149,113,40598.52,7028.55,553.0,417.5,0.953
2023-09-04,miami,all,893,11852,927,102,27812.98,4861.86,482.0,348.4,0.9633
2023-09-05,miami,all,914,12250,970,88,31613.97,5760.27,503.6,384.8,0.9423
2023-09-06,miami,all,925,12329,976,89,34728.7,6712.23,435.5,315.5,0.9477
2023-09-07,miami,all,1005,13766,1039,86,36429.36,6784.92,517.1,396.6,0.9673
2023-09-08,miami,all,1040,13637,1121,114,35786.18,6140.85,548.9,420.7,0.9277
2023-09-09,miami,all,1216,16139,1272,92,38425.34,7252.88,671.2,495.3,0.956
2023-09-10,miami,all,1109,14555,1142,94,36248.38,7027.08,578.6,462.0,0.9711
2023-09-11,miami,all,856,11555,920,64,32040.94,5825.17,400.1,316.2,0.9304
2023-09-12,miami,all,982,12757,1040,79,33771.55,5989.4,448.4,347.9,0.9442
2023-09-13,miami,all,945,12798,1008,94,32956.22,6357.85,481.8,391.5,0.9375
2023-09-14,miami,all,942,13254,977,72,33437.41,5708.34,493.0,369.1,0.9642
2023-09-15,miami,all,1197,15223,1257,90,39165.88,7616.5,642.1,479.1,0.9523
2023-09-16,miami,all,1250,16194,1328,139,44640.95,8666.05,646.1,477.0,0.9413
2023-09-17,miami,all,1187,15563,1238,90,40673.35,7997.99,549.3,425.4,0.9588
2023-09-18,miami,all,725,9845,772,73,25747.64,4446.22,373.0,276.2,0.9391
2023-09-19,miami,all,892,12248,929,78,30317.66,5252.01,501.0,404.3,0.9602
2023-09-20,miami,all,969,12567,1008,111,31247.39,6130.19,423.4,317.7,0.9613
2023-09-21,miami,all,1009,13571,1040,106,34560.37,6368.02,543.6,418.1,0.9702
2023-09-22,miami,all,1115,15101,1164,81,40275.32,7320.85,608.7,470.5,0.9579
2023-09-23,miami,all,1259,16348,1312,144,44933.21,8411.44,570.5,428.3,0.9596
2023-09-24,miami,all,1190,15191,1271,108,41714.41,7164.76,563.5,447.3,0.9363
2023-09-25,miami,all,881,11832,933,75,32219.69,6099.56,432.9,341.6,0.9443
2023-09-26,miami,all,953,13071,990,99,33015.46,6548.7,489.4,389.6,0.9626
2023-09-27,miami,all,917,12595,971,97,32185.31,6123.95,470.7,367.4,0.9444
2023-09-28,miami,all,975,13382,1015,83,33306.4,6126.25,441.3,338.0,0.9606
2023-09-29,miami,all,1187,15058,1248,104,43532.13,8655.34,558.5,427.2,0.9511
2023-09-30,miami,all,1311,17168,1409,102,46553.84,8875.75,643.5,509.4,0.9304
2023-10-01,miami,all,1114,15062,1187,111,37904.21,6508.49,545.5,413.3,0.9385
2023-10-02,miami,all,878,11732,933,103,28442.11,5406.88,383.7,293.0,0.9411
2023-10-03,miami,all,932,12519,973,85,34422.19,5913.42,484.7,356.9,0.9579
2023-10-04,miami,all,926,12587,960,111,31204.24,5592.33,427.7,337.0,0.9646
2023-10-05,miami,all,1025,14098,1094,81,36004.27,6785.74,527.1,383.6,0.9369
2023-10-06,miami,all,1134,15151,1200,125,44358.73,7827.92,620.4,508.1,0.945
2023-10-07,miami,all,1187,15192,1260,138,43209.94,7395.19,588.1,431.9,0.9421
2023-10-08,miami,all,1203,15648,1298,126,45496.87,8577.92,616.8,467.7,0.9268
2023-10-09,miami,all,813,10844,852,61,27689.38,4944.65,402.1,299.1,0.9542
2023-10-10,miami,all,955,12794,1022,82,35214.87,6549.58,495.6,371.2,0.9344
2023-10-11,miami,all,902,12064,954,67,31612.1,5621.72,412.0,309.9,0.9455
2023-10-12,miami,all,1054,14328,1098,105,37565.12,7159.64,511.2,404.8,0.9599
2023-10-13,miami,all,1120,14704,1157,134,43160.85,8497.12,596.7,440.2,0.968
2023-10-14,miami,all,1236,15789,1311,110,42657.29,7362.52,598.3,446.6,0.9428
2023-10-15,miami,all,1131,14374,1182,88,39623.11,7670.62,547.3,399.6,0.9569
2023-10-16,miami,all,858,11849,914,72,28673.82,5008.82,421.9,317.8,0.9387
2023-10-17,miami,all,887,11996,945,87,32424.13,5832.53,446.0,363.1,0.9386
2023-10-18,miami,all,945,12516,995,93,32147.86,5809.79,463.0,351.0,0.9497
2023-10-19,miami,all,997,12941,1054,81,36679.37,6462.51,446.0,355.8,0.9459
2023-10-20,miami,all,1187,14987,1260,128,38117.72,6566.05,581.9,445.8,0.9421
2023-10-21,miami,all,1264,16793,1332,94,45453.59,8775.02,625.6,478.6,0.9489
2023-10-22,miami,all,1128,14381,1211,114,38209.35,7405.31,573.5,460.2,0.9315
2023-10-23,miami,all,858,11541,887,78,31126.87,6222.42,360.0,260.2,0.9673
2023-10-24,miami,all,926,12214,999,71,32388.03,6414.06,459.3,370.4,0.9269
2023-10-25,miami,all,980,12993,1011,100,33381.89,6110.2,538.8,414.1,0.9693
2023-10-26,miami,all,981,13557,1021,102,33671.37,5858.87,493.4,372.6,0.9608
2023-10-27,miami,all,1130,14614,1204,104,37868.36,6449.78,548.6,444.7,0.9385
2023-10-28,miami,all,1338,17146,1384,147,48791.68,9072.59,677.9,511.1,0.9668
2023-10-29,miami,all,1192,15584,1243,114,39532.54,7741.14,646.2,528.4,0.959
2023-10-30,miami,all,1002,13564,1040,84,34601.68,6160.38,544.4,442.9,0.9635
2023-10-31,miami,all,1022,14205,1090,120,36387.46,6403.04,465.0,347.3,0.9376
2023-11-01,miami,all,887,11790,939,104,33549.55,6145.22,428.3,323.0,0.9446
2023-11-02,miami,all,938,12580,969,70,32814.74,6458.14,427.8,342.8,0.968
2023-11-03,miami,all,1116,14863,1175,131,38586.38,7082.54,608.8,450.2,0.9498
2023-11-04,miami,all,1278,16820,1330,139,45341.98,8691.21,566.1,449.0,0.9609
2023-11-05,miami,all,1115,14524,1202,84,34979.15,6431.82,631.3,462.7,0.9276
2023-11-06,miami,all,917,12485,949,88,30171.47,5466.73,431.2,319.3,0.9663
2023-11-07,miami,all,923,12434,978,66,31698.69,5808.07,465.6,358.5,0.9438
2023-11-08,miami,all,908,12668,957,90,30647.09,5916.48,429.3,341.1,0.9488
2023-11-09,miami,all,976,12802,1033,114,31425.78,6053.62,488.2,387.6,0.9448
2023-11-10,miami,all,1094,14298,1179,97,39932.22,7305.71,549.6,429.2,0.9279
2023-11-11,miami,all,1240,16577,1298,118,43963.67,7826.79,667.3,498.6,0.9553
2023-11-12,miami,all,1045,14371,1115,85,36831.51,6415.08,502.0,382.3,0.9372
2023-11-13,miami,all,927,12238,976,90,31319.17,5325.55,462.8,344.6,0.9498
2023-11-14,miami,all,928,12361,986,102,32608.93,5654.31,453.6,339.2,0.9412
2023-11-15,miami,all,931,12492,976,75,33423.17,5847.04,502.5,378.0,0.9539
2023-11-16,miami,all,1080,14297,1125,105,37299.35,7112.92,593.6,462.9,0.96
2023-11-17,miami,all,1088,13985,1125,95,38926.47,7572.66,548.5,406.3,0.9671
2023-11-18,miami,all,1164,15160,1205,125,39118.42,7514.98,556.6,403.1,0.966
2023-11-19,miami,all,1154,15163,1244,121,40586.87,7780.38,626.5,494.5,0.9277
2023-11-20,miami,all,913,12394,976,96,33780.43,6750.33,476.1,343.8,0.9355
2023-11-21,miami,all,926,12372,965,82,34406.49,6842.69,507.7,414.8,0.9596
2023-11-22,miami,all,1039,13614,1098,104,38778.89,6905.18,522.4,394.4,0.9463
2023-11-23,miami,all,1113,15016,1186,114,39511.22,6888.9,492.3,354.8,0.9384
2023-11-24,miami,all,1103,14000,1156,115,38666.02,6751.05,503.0,406.7,0.9542
2023-11-25,miami,all,1349,17507,1419,133,46155.52,9086.55,689.3,537.6,0.9507
2023-11-26,miami,all,1044,13538,1113,118,33237.73,5752.47,543.5,435.7,0.938
2023-11-27,miami,all,1004,12898,1046,83,32777.01,5906.56,515.2,393.4,0.9598
2023-11-28,miami,all,923,12034,975,67,32033.55,5955.37,498.1,376.3,0.9467
2023-11-29,miami,all,1000,13031,1041,118,34810.5,6558.42,531.8,417.7,0.9606
2023-11-30,miami,all,928,12703,956,68,34773.45,6532.96,458.7,348.9,0.9707
2023-12-01,miami,all,1192,14929,1269,137,44462.67,8607.63,621.9,482.4,0.9393
2023-12-02,miami,all,1228,16078,1308,124,41504.74,7767.65,569.9,426.2,0.9388
2023-12-03,miami,all,1106,14526,1194,128,40293.87,7878.72,559.5,421.5,0.9263
2023-12-04,miami,all,941,13250,978,92,32149.39,5547.02,505.5,368.1,0.9622
2023-12-05,miami,all,945,12640,1008,105,34203.88,6696.06,421.2,336.2,0.9375
2023-12-06,miami,all,1011,13921,1089,107,36811.05,6909.44,550.6,415.6,0.9284
2023-12-07,miami,all,992,13257,1054,95,36876.27,6515.59,516.2,422.0,0.9412
2023-12-08,miami,all,1191,15942,1284,105,40658.21,8104.49,574.5,428.6,0.9276
2023-12-09,miami,all,1222,15416,1319,86,44939.09,8906.57,642.2,492.9,0.9265
2023-12-10,miami,all,1161,15015,1242,96,36829.91,7195.52,614.3,461.1,0.9348
2023-12-11,miami,all,941,12116,1016,111,35069.54,6920.9,466.2,368.0,0.9262
2023-12-12,miami,all,982,13495,1042,82,34327.01,6229.13,459.2,367.7,0.9424
2023-12-13,miami,all,968,12644,1021,104,33873.68,5990.02,496.1,381.4,0.9481
2023-12-14,miami,all,918,12825,988,88,28856.86,5064.01,462.7,350.1,0.9291
2023-12-15,miami,all,1059,13792,1135,90,36344.7,7131.3,498.1,395.7,0.933
2023-12-16,miami,all,1212,16042,1255,145,45294.97,8823.41,574.9,424.9,0.9657
2023-12-17,miami,all,1210,15957,1265,88,41446.46,8265.59,657.7,513.0,0.9565
2023-12-18,miami,all,941,12811,981,93,34109.89,6666.69,490.6,389.2,0.9592
2023-12-19,miami,all,911,12500,977,85,31940.09,6035.75,460.2,343.7,0.9324
2023-12-20,miami,all,889,12278,926,66,32768.25,5710.47,478.7,376.1,0.96
2023-12-21,miami,all,1032,14019,1079,83,36465.85,6379.53,474.1,376.2,0.9564
2023-12-22,miami,all,1089,14207,1150,114,36339.2,6694.08,532.1,389.4,0.947
2023-12-23,miami,all,1277,16309,1320,96,44821.15,8652.0,659.0,495.8,0.9674
2023-12-24,miami,all,1149,14932,1239,126,43434.65,7609.68,568.3,432.3,0.9274
2023-12-25,miami,all,954,12555,1006,97,34220.82,6757.43,434.6,346.6,0.9483
2023-12-26,miami,all,914,12680,950,69,31803.74,6059.05,475.2,369.1,0.9621
2023-12-27,miami,all,944,12822,985,80,36766.49,6594.78,415.5,317.8,0.9584
2023-12-28,miami,all,1038,13778,1111,80,38435.72,7555.42,500.2,376.1,0.9343
2023-12-29,miami,all,1090,14148,1157,120,39707.92,7463.46,541.3,390.0,0.9421
2023-12-30,miami,all,1266,16845,1333,122,45013.07,8642.27,663.8,479.3,0.9497
2023-12-31,miami,all,1246,15995,1304,87,45202.36,8207.09,593.7,441.7,0.9555
2024-01-01,miami,all,920,12528,989,89,33428.0,6077.43,411.0,300.7,0.9302
2024-01-02,miami,all,919,12566,982,87,28654.49,4882.11,489.8,358.5,0.9358
2024-01-03,miami,all,963,12848,1026,98,34370.57,6397.64,541.5,422.5,0.9386
2024-01-04,miami,all,1029,13857,1083,74,35725.43,6888.72,498.7,389.3,0.9501
2024-01-05,miami,all,1149,15183,1240,82,39210.07,7805.34,523.6,379.3,0.9266
2024-01-06,miami,all,1164,15385,1240,102,40341.89,7937.94,590.4,460.2,0.9387
2024-01-07,miami,all,1150,15368,1209,120,37118.85,6407.07,554.9,407.6,0.9512
2024-01-08,miami,all,851,11552,917,88,27097.48,5403.66,402.1,304.7,0.928
2024-01-09,miami,all,954,12578,1025,80,35471.04,6189.14,446.3,365.5,0.9307
2024-01-10,miami,all,954,12780,1018,77,34161.57,5849.6,458.3,353.9,0.9371
2024-01-11,miami,all,1022,13501,1092,106,31454.33,6053.95,493.3,356.9,0.9359
2024-01-12,miami,all,1190,15397,1251,85,40449.68,7975.73,595.1,449.2,0.9512
2024-01-13,miami,all,1185,15681,1251,116,43301.04,8594.97,633.0,498.2,0.9472
2024-01-14,miami,all,1151,15556,1197,105,39720.98,7735.63,549.4,407.9,0.9616
2024-01-15,miami,all,919,12612,974,75,34167.28,6018.47,462.4,377.5,0.9435
2024-01-16,miami,all,887,12109,930,85,32674.48,5705.62,418.0,318.7,0.9538
2024-01-17,miami,all,1008,13787,1056,82,32886.76,5648.93,542.4,391.7,0.9545
2024-01-18,miami,all,1077,14231,1160,106,37424.87,7015.63,486.7,376.7,0.9284
2024-01-19,miami,all,1214,15564,1260,94,41538.03,7668.61,543.7,428.2,0.9635
2024-01-20,miami,all,1437,17985,1540,130,46801.41,8109.68,706.8,541.1,0.9331
2024-01-21,miami,all,1226,16275,1280,117,39789.85,7319.14,662.5,538.5,0.9578
2024-01-22,miami,all,970,12657,1000,69,32581.78,6093.43,505.4,409.5,0.97
2024-01-23,miami,all,988,12893,1020,99,33471.84,6416.17,499.6,366.7,0.9686
2024-01-24,miami,all,892,12065,938,96,31662.12,5775.99,408.3,297.2,0.951
2024-01-25,miami,all,1052,14031,1107,124,38742.4,6956.22,488.1,366.7,0.9503
2024-01-26,miami,all,1244,15863,1301,100,44658.21,8483.74,640.7,500.3,0.9562
2024-01-27,miami,all,1317,17240,1401,106,47824.42,9111.83,637.0,497.0,0.94
2024-01-28,miami,all,1028,13475,1084,88,35500.35,6323.07,504.4,376.9,0.9483
2024-01-29,miami,all,923,12592,954,106,33279.0,5677.22,416.7,339.7,0.9675
2024-01-30,miami,all,949,13416,994,86,32968.59,6540.0,513.9,385.8,0.9547
2024-01-31,miami,all,941,12657,974,80,32208.01,6205.15,419.0,335.4,0.9661
2024-02-01,miami,all,1074,14670,1110,115,41155.6,7244.75,494.5,397.2,0.9676
2024-02-02,miami,all,1165,15557,1212,84,36023.74,6735.36,652.6,476.3,0.9612
2024-02-03,miami,all,1227,15900,1307,120,38922.55,7311.54,665.9,494.9,0.9388
2024-02-04,miami,all,1217,16382,1296,113,43410.05,7543.78,602.4,446.7,0.939
2024-02-05,miami,all,894,11848,959,91,30875.44,5426.35,444.8,361.2,0.9322
2024-02-06,miami,all,959,12796,1024,102,31153.38,6190.21,435.6,328.9,0.9365
2024-02-07,miami,all,984,13359,1040,85,32623.96,6043.27,527.5,423.9,0.9462
2024-02-08,miami,all,1007,13580,1053,103,33615.97,5907.78,475.6,365.2,0.9563
2024-02-09,miami,all,1142,15295,1177,110,41753.33,8097.11,630.6,482.9,0.9703
2024-02-10,miami,all,1326,17073,1409,102,49223.4,9062.87,626.6,507.8,0.9411
2024-02-11,miami,all,1213,15794,1267,138,45935.38,8688.79,620.0,473.7,0.9574
2024-02-12,miami,all,936,12535,976,101,30157.2,5395.88,508.4,403.9,0.959
2024-02-13,miami,all,887,11833,957,103,28922.88,4967.13,404.0,308.0,0.9269
2024-02-14,miami,all,901,12289,936,96,29271.38,5120.98,462.7,337.9,0.9626
2024-02-15,miami,all,1013,14065,1045,83,37739.82,7517.44,556.7,403.8,0.9694
2024-02-16,miami,all,1186,15218,1278,109,42375.95,7996.67,566.5,419.7,0.928
2024-02-17,miami,all,1248,16098,1305,112,43855.16,8548.8,652.9,517.2,0.9563
2024-02-18,miami,all,1258,16628,1320,90,44535.53,7599.79,603.7,457.2,0.953
2024-02-19,miami,all,969,12938,1002,88,33818.72,6525.79,489.1,374.4,0.9671
2024-02-20,miami,all,981,12883,1030,86,32410.28,5981.27,502.5,366.9,0.9524
2024-02-21,miami,all,1047,13786,1129,73,37585.26,7139.67,504.5,394.7,0.9274
2024-02-22,miami,all,1000,13628,1065,112,34674.26,6267.24,526.9,421.7,0.939
2024-02-23,miami,all,1240,16700,1307,96,40795.3,7695.06,665.0,520.3,0.9487
2024-02-24,miami,all,1221,16390,1276,116,43962.1,7520.53,642.6,525.9,0.9569
2024-02-25,miami,all,1110,14600,1164,121,38022.91,6515.9,555.9,401.2,0.9536
2024-02-26,miami,all,917,12003,973,92,32460.05,6296.12,452.4,326.4,0.9424
2024-02-27,miami,all,1024,13999,1068,80,35616.04,6187.72,507.2,390.5,0.9588
2024-02-28,miami,all,981,13366,1018,99,35865.27,6112.14,474.7,354.4,0.9637
2024-02-29,miami,all,1019,13891,1085,110,36057.61,7116.82,475.9,375.3,0.9392
2024-03-01,miami,all,1114,14714,1196,126,37267.23,6632.3,575.7,460.2,0.9314
2024-03-02,miami,all,1331,17401,1431,114,47335.03,8873.97,718.8,524.9,0.9301
2024-03-03,miami,all,1184,15880,1269,85,42174.92,8231.17,528.3,428.8,0.933
2024-03-04,miami,all,1014,13367,1071,102,36397.36,7002.02,521.3,376.9,0.9468
2024-03-05,miami,all,932,12583,997,76,34309.51,5880.61,441.3,348.1,0.9348
2024-03-06,miami,all,1078,13832,1160,118,36567.95,6831.93,551.7,418.4,0.9293
2024-03-07,miami,all,1030,14208,1062,107,37253.95,6938.69,548.3,431.4,0.9699
2024-03-08,miami,all,1185,15014,1245,129,37898.16,6840.71,625.6,456.5,0.9518
2024-03-09,miami,all,1296,16485,1348,153,45087.87,8684.23,685.5,557.8,0.9614
2024-03-10,miami,all,1094,14413,1181,109,37764.16,7512.05,564.7,459.5,0.9263
2024-03-11,miami,all,965,13096,1039,111,36220.05,6317.34,427.5,330.0,0.9288
2024-03-12,miami,all,982,13477,1051,100,34101.34,5945.8,491.3,378.8,0.9343
2024-03-13,miami,all,989,13568,1033,78,35667.28,6849.62,470.7,368.8,0.9574
2024-03-14,miami,all,1089,14668,1174,120,34757.49,6382.6,582.5,453.2,0.9276
2024-03-15,miami,all,1158,15137,1194,121,39817.16,7718.82,615.4,476.5,0.9698
2024-03-16,miami,all,1318,17793,1370,157,44177.87,7697.21,620.9,483.6,0.962
2024-03-17,miami,all,1307,16333,1387,107,51407.11,8800.68,637.8,514.0,0.9423
2024-03-18,miami,all,996,13487,1065,86,33697.77,6434.19,514.7,402.0,0.9352
2024-03-19,miami,all,1021,13734,1097,113,35865.93,7167.5,538.0,397.9,0.9307
2024-03-20,miami,all,983,13411,1027,72,34622.74,5984.33,435.7,353.5,0.9572
2024-03-21,miami,all,1061,14370,1114,108,34183.74,6697.62,533.4,395.6,0.9524
2024-03-22,miami,all,1225,16133,1290,119,41747.31,7579.59,594.3,437.7,0.9496
2024-03-23,miami,all,1260,16476,1299,99,44992.51,7671.39,644.9,528.6,0.97
2024-03-24,miami,all,1125,14713,1207,88,39543.77,7327.49,570.9,423.2,0.9321
2024-03-25,miami,all,908,12032,951,100,28124.65,5016.47,425.9,310.9,0.9548
2024-03-26,miami,all,992,13304,1032,70,33735.7,6436.84,531.6,412.6,0.9612
2024-03-27,miami,all,1011,13426,1062,109,37191.09,6643.63,444.2,356.6,0.952
2024-03-28,miami,all,971,13086,1035,104,34984.54,6452.93,551.5,400.4,0.9382
2024-03-29,miami,all,1166,15166,1252,119,43295.4,7620.72,549.7,422.7,0.9313
2024-03-30,miami,all,1278,16784,1330,116,42525.6,8285.82,666.2,484.2,0.9609
2024-03-31,miami,all,1302,16684,1352,93,48488.6,9589.25,622.4,474.8,0.963
2023-01-01,seattle,all,850,10498,909,86,36512.53,6241.54,408.3,309.9,0.9351
2023-01-02,seattle,all,663,8748,696,56,27043.92,5106.46,337.8,249.7,0.9526
2023-01-03,seattle,all,690,9245,739,76,29938.07,5746.67,350.0,252.6,0.9337
2023-01-04,seattle,all,724,9749,769,78,32034.93,5667.45,368.9,299.6,0.9415
2023-01-05,seattle,all,704,9495,738,82,30806.42,5969.55,334.2,259.2,0.9539
2023-01-06,seattle,all,812,11048,840,76,36795.76,7096.46,385.4,302.4,0.9667
2023-01-07,seattle,all,909,12065,939,86,37087.94,6760.87,480.7,383.6,0.9681
2023-01-08,seattle,all,888,11632,926,77,38716.5,6661.05,467.4,365.8,0.959
2023-01-09,seattle,all,650,8882,679,54,31452.52,5611.3,291.4,221.8,0.9573
2023-01-10,seattle,all,644,8772,693,77,29746.56,5204.54,315.7,247.1,0.9293
2023-01-11,seattle,all,728,9321,786,87,33018.89,6562.98,382.6,285.1,0.9262
2023-01-12,seattle,all,770,10422,799,74,34541.82,6719.5,345.4,268.1,0.9637
2023-01-13,seattle,all,817,10620,880,96,35291.17,6082.48,435.5,322.5,0.9284
2023-01-14,seattle,all,973,12654,1037,85,39057.24,7241.36,486.1,394.6,0.9383
2023-01-15,seattle,all,803,10369,847,90,36139.56,6433.08,418.1,322.3,0.9481
2023-01-16,seattle,all,664,9026,716,68,25639.34,4383.39,312.6,232.4,0.9274
2023-01-17,seattle,all,671,8819,715,71,29043.41,5218.2,389.0,305.0,0.9385
2023-01-18,seattle,all,723,9652,766,77,31806.18,5528.79,394.2,287.4,0.9439
2023-01-19,seattle,all,783,10826,815,80,33681.67,5950.94,429.9,328.2,0.9607
2023-01-20,seattle,all,796,10427,830,90,38826.53,6980.86,422.3,340.6,0.959
2023-01-21,seattle,all,904,11864,972,81,43404.25,7911.15,449.9,358.5,0.93
2023-01-22,seattle,all,820,10762,853,92,37943.19,6983.57,369.7,292.2,0.9613
2023-01-23,seattle,all,688,9179,710,54,28871.43,5358.71,347.4,266.5,0.969
2023-01-24,seattle,all,732,9731,764,59,35302.25,6393.24,394.0,301.3,0.9581
2023-01-25,seattle,all,728,9698,767,77,33023.34,6107.68,404.6,291.8,0.9492
2023-01-26,seattle,all,764,10217,802,82,32032.72,5847.12,400.8,312.6,0.9526
2023-01-27,seattle,all,890,11616,958,102,39224.06,7802.97,476.0,370.2,0.929
2023-01-28,seattle,all,879,12008,924,74,40529.69,6972.29,404.4,291.4,0.9513
2023-01-29,seattle,all,912,11739,980,66,38926.41,7301.76,411.1,301.6,0.9306
2023-01-30,seattle,all,692,9229,733,66,30661.95,5390.66,359.8,259.5,0.9441
2023-01-31,seattle,all,617,8483,652,70,27577.59,4998.8,326.2,243.1,0.9463
2023-02-01,seattle,all,703,9421,730,83,29229.42,5448.19,327.3,235.8,0.963
2023-02-02,seattle,all,712,9469,743,80,30904.93,5958.29,351.7,267.9,0.9583
2023-02-03,seattle,all,819,10461,879,77,34188.32,6814.82,443.4,340.4,0.9317
2023-02-04,seattle,all,1000,12936,1069,113,45911.07,8484.76,509.4,389.0,0.9355
2023-02-05,seattle,all,840,10914,884,68,35281.91,6269.93,396.5,293.4,0.9502
2023-02-06,seattle,all,758,10013,815,88,33838.61,6556.14,341.9,264.1,0.9301
2023-02-07,seattle,all,657,8905,704,65,26898.67,4751.57,341.4,273.6,0.9332
2023-02-08,seattle,all,672,8971,696,60,27892.33,5166.64,370.0,277.2,0.9655
2023-02-09,seattle,all,769,10488,815,76,31836.49,6220.89,367.2,275.9,0.9436
2023-02-10,seattle,all,861,11008,921,94,37335.49,6799.31,447.2,346.3,0.9349
2023-02-11,seattle,all,935,12634,1001,77,41511.04,7750.5,493.6,366.9,0.9341
2023-02-12,seattle,all,860,11062,890,65,38530.12,6688.31,447.8,337.5,0.9663
2023-02-13,seattle,all,693,9333,722,74,27790.05,4770.97,377.1,288.6,0.9598
2023-02-14,seattle,all,680,8989,714,80,29667.72,5921.33,343.3,260.4,0.9524
2023-02-15,seattle,all,712,9738,742,73,30152.3,5287.71,367.4,294.6,0.9596
2023-02-16,seattle,all,790,10620,818,61,35688.4,6426.28,375.9,302.6,0.9658
2023-02-17,seattle,all,893,11659,948,91,38766.2,7177.2,425.8,323.7,0.942
2023-02-18,seattle,all,908,11773,958,69,39790.53,7211.4,437.7,334.7,0.9478
2023-02-19,seattle,all,836,11161,868,71,35413.89,6123.78,408.2,333.0,0.9631
2023-02-20,seattle,all,669,8901,709,48,31974.34,5624.52,317.8,244.8,0.9436
2023-02-21,seattle,all,696,9730,719,66,28658.58,5296.2,360.5,295.4,0.968
2023-02-22,seattle,all,707,9655,742,61,30486.25,5583.98,349.7,278.5,0.9528
2023-02-23,seattle,all,690,9586,738,52,30523.33,5919.87,326.1,243.4,0.935
2023-02-24,seattle,all,776,9983,834,66,33714.88,6046.89,461.3,342.7,0.9305
2023-02-25,seattle,all,913,11843,952,93,38637.56,7658.33,441.9,325.2,0.959
2023-02-26,seattle,all,901,11667,967,76,36052.88,6434.87,389.2,311.6,0.9317
2023-02-27,seattle,all,713,9333,766,55,30287.3,5449.87,358.4,269.0,0.9308
2023-02-28,seattle,all,711,9632,754,69,29783.33,5911.38,393.8,310.1,0.943
2023-03-01,seattle,all,719,9568,776,77,34292.2,6694.33,366.6,283.8,0.9265
2023-03-02,seattle,all,788,10594,821,88,38598.08,6928.7,406.7,326.4,0.9598
2023-03-03,seattle,all,868,11366,897,81,38095.01,6927.9,442.0,351.4,0.9677
2023-03-04,seattle,all,947,12070,1015,100,38741.33,7564.93,475.2,345.2,0.933
2023-03-05,seattle,all,916,11496,966,102,41791.31,7212.46,478.0,360.3,0.9482
2023-03-06,seattle,all,620,8417,649,64,25941.81,4639.44,275.2,212.5,0.9553
2023-03-07,seattle,all,714,9465,737,69,30553.36,5681.3,389.9,312.1,0.9688
2023-03-08,seattle,all,711,9520,735,52,30300.35,5904.54,348.1,275.5,0.9673
2023-03-09,seattle,all,769,10291,796,65,32989.24,6166.96,350.8,271.8,0.9661
2023-03-10,seattle,all,812,10557,844,70,35094.33,6481.69,354.2,283.7,0.9621
2023-03-11,seattle,all,906,11922,977,81,37245.93,7406.86,411.9,314.5,0.9273
2023-03-12,seattle,all,826,11627,862,97,35068.3,6084.08,455.6,330.6,0.9582
2023-03-13,seattle,all,718,9382,769,58,33203.1,6421.55,375.6,303.1,0.9337
2023-03-14,seattle,all,729,9958,752,71,32022.18,5565.81,383.9,296.6,0.9694
2023-03-15,seattle,all,715,9681,748,85,31657.12,6077.69,309.6,247.9,0.9559
2023-03-16,seattle,all,736,9960,791,74,28769.54,5359.55,412.0,312.8,0.9305
2023-03-17,seattle,all,876,11638,910,70,40370.57,7183.51,433.7,337.8,0.9626
2023-03-18,seattle,all,941,12243,983,111,39984.84,7449.18,522.0,393.1,0.9573
2023-03-19,seattle,all,849,11108,910,74,39455.35,7748.34,417.1,317.4,0.933
2023-03-20,seattle,all,694,9483,719,50,30771.55,5667.06,368.4,270.7,0.9652
2023-03-21,seattle,all,706,9474,729,65,30191.02,5138.43,350.1,278.0,0.9684
2023-03-22,seattle,all,714,9623,770,59,28780.53,4941.56,363.3,271.8,0.9273
2023-03-23,seattle,all,813,10747,854,90,39661.93,7495.28,455.0,341.3,0.952
2023-03-24,seattle,all,855,11488,909,69,39130.91,7448.1,419.7,317.0,0.9406
2023-03-25,seattle,all,985,13086,1021,109,45210.28,8230.68,522.9,399.1,0.9647
2023-03-26,seattle,all,982,12655,1022,71,47137.4,8356.68,450.8,350.5,0.9609
2023-03-27,seattle,all,697,9514,734,81,31011.62,5938.07,347.1,273.6,0.9496
2023-03-28,seattle,all,697,9555,741,50,32741.77,5864.86,354.4,279.1,0.9406
2023-03-29,seattle,all,727,9908,759,85,31222.57,5377.16,397.8,303.3,0.9578
2023-03-30,seattle,all,779,10515,837,57,35540.06,6478.54,386.7,297.1,0.9307
2023-03-31,seattle,all,883,11562,944,100,37627.97,7005.36,437.1,320.8,0.9354
2023-04-01,seattle,all,1010,13263,1068,113,43320.43,8619.42,544.2,420.2,0.9457
2023-04-02,seattle,all,773,10317,814,77,34176.96,6417.29,383.7,309.9,0.9496
2023-04-03,seattle,all,767,10179,814,55,31609.39,5571.14,414.6,317.6,0.9423
2023-04-04,seattle,all,802,10517,855,81,35869.24,6993.28,364.2,296.4,0.938
2023-04-05,seattle,all,703,9840,729,71,30449.53,5442.68,312.0,229.5,0.9643
2023-04-06,seattle,all,767,10659,823,75,30394.19,6041.71,413.1,327.9,0.932
2023-04-07,seattle,all,880,11282,928,89,37833.97,6801.01,433.7,343.0,0.9483
2023-04-08,seattle,all,1008,12778,1085,119,43586.81,8599.05,481.2,379.3,0.929
2023-04-09,seattle,all,865,11806,932,104,39682.95,7792.49,405.2,318.6,0.9281
2023-04-10,seattle,all,703,9313,725,68,31373.09,6146.61,394.5,284.9,0.9697
2023-04-11,seattle,all,763,9946,801,57,36001.73,6162.83,383.6,304.7,0.9526
2023-04-12,seattle,all,713,9776,753,55,32187.84,6292.6,402.9,310.2,0.9469
2023-04-13,seattle,all,834,10888,882,88,35679.59,6837.6,417.1,322.2,0.9456
2023-04-14,seattle,all,888,11655,951,106,38957.99,7013.57,431.7,313.0,0.9338
2023-04-15,seattle,all,930,12083,964,85,40207.89,7426.52,452.4,334.3,0.9647
2023-04-16,seattle,all,876,11618,930,66,39484.42,7470.35,434.0,352.0,0.9419
2023-04-17,seattle,all,763,10071,822,67,33672.42,6677.45,352.1,264.6,0.9282
2023-04-18,seattle,all,728,9647,786,65,31025.3,6000.37,294.8,223.9,0.9262
2023-04-19,seattle,all,788,10265,812,94,34686.91,6342.68,375.7,277.6,0.9704
2023-04-20,seattle,all,753,9857,812,79,33895.99,6418.63,381.3,298.6,0.9273
2023-04-21,seattle,all,847,11069,878,64,35392.63,6214.1,413.4,328.3,0.9647
2023-04-22,seattle,all,1013,12468,1071,88,45278.49,8273.21,510.0,414.2,0.9458
2023-04-23,seattle,all,950,12095,990,69,38500.55,7459.06,472.2,366.5,0.9596
2023-04-24,seattle,all,759,10116,805,78,35242.08,6632.48,385.8,288.4,0.9429
2023-04-25,seattle,all,697,9585,719,72,31476.38,6090.6,357.4,259.9,0.9694
2023-04-26,seattle,all,755,10494,787,55,35926.24,6656.93,410.8,306.7,0.9593
2023-04-27,seattle,all,804,11155,840,70,33400.96,6059.08,456.3,356.8,0.9571
2023-04-28,seattle,all,827,11010,890,95,38450.2,7393.06,384.4,314.2,0.9292
2023-04-29,seattle,all,974,12397,1032,108,44861.19,7752.58,472.9,344.2,0.9438
2023-04-30,seattle,all,889,11510,947,88,38759.59,7727.04,463.6,351.8,0.9388
2023-05-01,seattle,all,681,9291,724,64,29399.71,5834.41,371.9,292.6,0.9406
2023-05-02,seattle,all,724,9778,760,87,30127.58,5917.39,357.2,277.7,0.9526
2023-05-03,seattle,all,803,10865,828,85,32954.49,6476.49,375.0,294.4,0.9698
2023-05-04,seattle,all,785,10409,813,92,33242.62,6160.91,391.4,299.9,0.9656
2023-05-05,seattle,all,898,11945,946,66,37031.09,6848.47,508.5,379.7,0.9493
2023-05-06,seattle,all,1019,13233,1098,82,48413.29,9421.35,521.2,400.4,0.9281
2023-05-07,seattle,all,891,11578,929,64,36259.68,6472.27,439.7,333.4,0.9591
2023-05-08,seattle,all,686,9394,731,78,30408.71,5944.82,369.3,292.1,0.9384
2023-05-09,seattle,all,773,10096,828,81,34752.96,6117.44,387.9,285.9,0.9336
2023-05-10,seattle,all,749,10153,805,59,33545.09,6587.36,341.3,262.7,0.9304
2023-05-11,seattle,all,800,10988,836,95,35983.71,6701.34,363.5,296.6,0.9569
2023-05-12,seattle,all,944,12132,1016,111,43501.48,8495.68,454.1,351.1,0.9291
2023-05-13,seattle,all,945,12333,1002,77,40652.93,7512.43,498.2,370.5,0.9431
2023-05-14,seattle,all,867,11240,915,89,38314.99,7212.91,465.9,379.0,0.9475
2023-05-15,seattle,all,733,10116,784,76,31778.6,6285.92,370.6,275.9,0.9349
2023-05-16,seattle,all,726,9619,756,51,34024.39,6211.03,341.2,271.3,0.9603
2023-05-17,seattle,all,811,10470,868,85,39430.58,6963.78,404.9,296.0,0.9343
2023-05-18,seattle,all,743,10267,789,60,30740.4,5309.77,341.1,274.7,0.9417
2023-05-19,seattle,all,880,11416,942,101,34787.79,6529.65,435.6,321.5,0.9342
2023-05-20,seattle,all,902,11980,968,101,40817.38,7687.24,447.8,340.1,0.9318
2023-05-21,seattle,all,942,11689,999,109,43666.24,8236.38,461.0,376.4,0.9429
2023-05-22,seattle,all,701,9213,723,76,33862.05,5794.3,353.1,274.7,0.9696
2023-05-23,seattle,all,686,9185,717,54,31297.62,5346.34,314.5,234.7,0.9568
2023-05-24,seattle,all,715,9876,768,63,33655.56,6625.52,387.1,278.7,0.931
2023-05-25,seattle,all,707,9709,750,75,33690.06,6430.26,385.1,277.5,0.9427
2023-05-26,seattle,all,820,10563,881,71,38722.46,6714.46,415.2,310.3,0.9308
2023-05-27,seattle,all,976,13119,1024,103,44836.03,7722.52,540.0,417.3,0.9531
2023-05-28,seattle,all,883,11856,932,77,36361.18,6357.96,408.5,313.9,0.9474
2023-05-29,seattle,all,670,9026,719,53,29467.67,5722.84,350.6,284.8,0.9318
2023-05-30,seattle,all,734,9859,784,70,32780.5,6283.78,364.3,290.1,0.9362
2023-05-31,seattle,all,711,9503,746,74,31127.88,5888.14,369.8,300.5,0.9531
2023-06-01,seattle,all,800,10868,825,77,35132.93,6647.98,356.6,275.0,0.9697
2023-06-02,seattle,all,905,11610,972,92,42940.35,8406.27,474.2,362.6,0.9311
2023-06-03,seattle,all,943,12537,1008,87,39921.88,7186.09,437.0,339.4,0.9355
2023-06-04,seattle,all,927,11972,976,101,42417.59,7621.04,450.7,341.3,0.9498
2023-06-05,seattle,all,779,10452,824,80,34818.32,6363.49,358.1,265.4,0.9454
2023-06-06,seattle,all,720,9585,749,71,30321.67,6054.94,339.7,273.0,0.9613
2023-06-07,seattle,all,768,10104,807,70,31972.97,5967.66,366.6,288.9,0.9517
2023-06-08,seattle,all,819,11130,850,79,32970.57,6145.95,383.1,288.3,0.9635
2023-06-09,seattle,all,853,11295,888,62,38443.23,7469.05,445.4,340.6,0.9606
2023-06-10,seattle,all,884,11954,948,91,38773.0,6798.53,454.3,337.3,0.9325
2023-06-11,seattle,all,838,11416,878,67,35349.6,6439.35,386.0,299.6,0.9544
2023-06-12,seattle,all,750,10130,803,85,29904.43,5659.14,420.8,318.1,0.934
2023-06-13,seattle,all,734,9911,773,81,32994.74,6587.09,363.7,293.7,0.9495
2023-06-14,seattle,all,742,10213,767,72,32364.41,5651.93,379.6,293.4,0.9674
2023-06-15,seattle,all,789,10813,827,89,33477.17,6145.1,393.0,299.1,0.9541
2023-06-16,seattle,all,852,10806,884,88,35681.0,7035.13,383.9,305.2,0.9638
2023-06-17,seattle,all,988,12699,1052,76,42953.43,8237.0,525.8,426.2,0.9392
2023-06-18,seattle,all,833,11175,896,89,37513.32,7068.01,446.4,357.9,0.9297
2023-06-19,seattle,all,697,9476,745,83,30162.0,5360.19,348.8,268.4,0.9356
2023-06-20,seattle,all,736,9834,787,53,30459.54,5349.19,394.1,297.8,0.9352
2023-06-21,seattle,all,763,10406,819,63,33474.43,6066.45,405.4,318.7,0.9316
2023-06-22,seattle,all,732,10015,782,73,33891.75,6020.98,388.4,311.4,0.9361
2023-06-23,seattle,all,882,11609,934,80,38886.14,7553.8,436.8,357.2,0.9443
2023-06-24,seattle,all,936,11973,998,95,41324.9,7918.72,476.4,364.8,0.9379
2023-06-25,seattle,all,931,11884,978,92,40296.96,7860.16,483.3,380.3,0.9519
2023-06-26,seattle,all,739,10104,764,81,31069.58,5441.29,380.6,285.2,0.9673
2023-06-27,seattle,all,732,9775,780,54,30721.77,5508.39,344.0,250.7,0.9385
2023-06-28,seattle,all,708,9537,755,65,28563.5,5514.37,331.7,247.2,0.9377
2023-06-29,seattle,all,749,10290,780,85,34902.42,6104.66,360.0,259.7,0.9603
2023-06-30,seattle,all,820,10784,884,72,36914.27,6436.67,400.4,308.7,0.9276
2023-07-01,seattle,all,928,12446,958,88,41000.41,7441.24,500.2,378.8,0.9687
2023-07-02,seattle,all,951,12144,1015,68,42462.42,7456.11,481.4,379.3,0.9369
2023-07-03,seattle,all,678,8851,731,55,30338.44,5229.35,341.9,267.2,0.9275
2023-07-04,seattle,all,745,10121,779,69,31576.08,5664.22,380.9,280.6,0.9564
2023-07-05,seattle,all,726,9906,781,65,31424.49,6167.62,368.5,290.2,0.9296
2023-07-06,seattle,all,796,10499,853,84,34193.57,5870.9,439.8,324.9,0.9332
2023-07-07,seattle,all,915,11682,976,92,45315.5,8473.24,488.8,352.2,0.9375
2023-07-08,seattle,all,927,12399,999,106,42868.6,8011.72,397.2,324.5,0.9279
2023-07-09,seattle,all,906,11876,963,102,40198.62,7473.94,427.0,308.6,0.9408
2023-07-10,seattle,all,688,9278,726,56,32339.55,5988.16,384.7,290.1,0.9477
2023-07-11,seattle,all,693,9480,737,49,32382.03,5521.69,355.9,278.9,0.9403
2023-07-12,seattle,all,738,9859,775,83,30230.58,5182.23,389.9,295.2,0.9523
2023-07-13,seattle,all,816,11141,854,71,35503.93,6580.16,359.0,272.2,0.9555
2023-07-14,seattle,all,907,11992,938,79,39875.43,7937.18,427.0,338.3,0.967
2023-07-15,seattle,all,860,11268,902,67,38997.01,7106.79,430.2,335.6,0.9534
2023-07-16,seattle,all,868,11700,929,91,37764.26,6955.04,391.7,302.3,0.9343
2023-07-17,seattle,all,649,9112,699,55,28415.32,5667.77,359.3,290.5,0.9285
2023-07-18,seattle,all,741,9803,799,58,31851.91,6159.31,373.9,273.3,0.9274
2023-07-19,seattle,all,753,10298,783,72,34869.67,6733.45,347.8,266.8,0.9617
2023-07-20,seattle,all,809,10451,856,87,33027.14,6114.71,407.2,302.9,0.9451
2023-07-21,seattle,all,924,11621,978,77,39787.27,7835.6,502.7,363.8,0.9448
2023-07-22,seattle,all,1001,13222,1040,106,39983.86,7494.39,538.0,440.0,0.9625
2023-07-23,seattle,all,930,11610,985,87,38813.36,7362.93,473.3,375.5,0.9442
2023-07-24,seattle,all,711,9403,745,64,31780.13,6153.48,356.9,264.7,0.9544
2023-07-25,seattle,all,710,9693,765,62,31765.07,5787.52,311.5,236.8,0.9281
2023-07-26,seattle,all,654,9293,682,51,28325.38,5625.37,330.3,245.3,0.9589
2023-07-27,seattle,all,807,10726,865,70,37503.52,7487.21,393.7,310.4,0.9329
2023-07-28,seattle,all,932,12169,1002,106,43784.33,8214.56,438.7,331.2,0.9301
2023-07-29,seattle,all,952,12334,1016,72,41743.01,7374.39,484.2,393.2,0.937
2023-07-30,seattle,all,884,11607,920,104,39383.04,7610.66,440.7,326.5,0.9609
2023-07-31,seattle,all,683,9414,712,51,29372.01,5277.1,363.7,274.6,0.9593
2023-08-01,seattle,all,779,10584,840,69,35350.36,6621.59,389.8,317.0,0.9274
2023-08-02,seattle,all,773,10262,799,78,31981.38,5520.02,420.8,340.2,0.9675
2023-08-03,seattle,all,762,10330,789,85,36538.54,7096.58,419.0,314.0,0.9658
2023-08-04,seattle,all,834,10984,900,64,38787.64,7709.92,390.5,300.0,0.9267
2023-08-05,seattle,all,986,13293,1054,76,40783.29,7048.44,468.3,378.6,0.9355
2023-08-06,seattle,all,905,11811,966,92,38249.06,7341.83,495.1,389.7,0.9369
2023-08-07,seattle,all,676,9306,702,57,30370.48,5947.3,339.0,265.7,0.963
2023-08-08,seattle,all,775,10245,817,79,33523.28,5809.09,386.9,304.1,0.9486
2023-08-09,seattle,all,765,10451,820,85,34576.56,6134.02,392.8,319.0,0.9329
2023-08-10,seattle,all,826,11185,864,61,35690.9,6487.04,373.5,288.2,0.956
2023-08-11,seattle,all,944,11831,981,106,44702.73,8721.63,506.9,374.2,0.9623
2023-08-12,seattle,all,1017,13381,1048,73,44766.59,8273.0,530.2,406.8,0.9704
2023-08-13,seattle,all,902,11895,957,104,44491.35,7746.34,427.0,338.6,0.9425
2023-08-14,seattle,all,767,10216,801,91,34764.95,6177.42,429.7,330.5,0.9576
2023-08-15,seattle,all,734,10246,788,76,30116.98,5542.17,388.6,292.0,0.9315
2023-08-16,seattle,all,797,10473,832,95,38726.46,6629.12,374.6,294.7,0.9579
2023-08-17,seattle,all,827,10918,858,92,38386.94,7252.44,426.8,326.5,0.9639
2023-08-18,seattle,all,868,11225,936,63,38917.93,6645.61,459.3,374.9,0.9274
2023-08-19,seattle,all,954,13373,1029,67,43333.15,8381.76,493.6,372.8,0.9271
2023-08-20,seattle,all,955,12551,1016,68,39521.81,7588.8,450.5,356.7,0.94
2023-08-21,seattle,all,710,9811,764,66,28421.56,5569.58,346.9,269.0,0.9293
2023-08-22,seattle,all,756,9956,785,76,33194.56,5800.13,408.3,297.1,0.9631
2023-08-23,seattle,all,798,10524,840,75,37532.57,7059.03,449.8,345.0,0.95
2023-08-24,seattle,all,839,11212,873,87,37646.4,7281.97,396.7,286.8,0.9611
2023-08-25,seattle,all,840,11252,885,78,40118.55,7440.89,402.0,321.2,0.9492
2023-08-26,seattle,all,1007,12786,1077,73,47235.03,8215.31,468.0,371.3,0.935
2023-08-27,seattle,all,884,11619,948,72,38936.08,6734.69,429.2,311.2,0.9325
2023-08-28,seattle,all,752,9781,775,90,35046.41,6594.93,396.6,305.4,0.9703
2023-08-29,seattle,all,710,9511,745,62,33618.29,6216.97,315.4,257.4,0.953
2023-08-30,seattle,all,751,10009,811,65,32911.52,6512.76,384.8,288.0,0.926
2023-08-31,seattle,all,782,10631,829,61,34040.22,6638.36,412.3,334.1,0.9433
2023-09-01,seattle,all,896,11390,936,107,39700.86,7611.15,432.9,318.2,0.9573
2023-09-02,seattle,all,981,12671,1030,80,37958.62,7571.68,543.7,391.8,0.9524
2023-09-03,seattle,all,1007,12796,1053,103,44929.27,8574.23,446.5,345.2,0.9563
2023-09-04,seattle,all,768,10304,808,55,35009.25,6048.58,354.1,263.4,0.9505
2023-09-05,seattle,all,761,10264,801,56,33725.94,5811.89,378.8,306.0,0.9501
2023-09-06,seattle,all,780,10377,823,83,34911.46,6789.44,405.0,318.9,0.9478
2023-09-07,seattle,all,753,9858,793,77,33059.98,5977.94,338.3,266.8,0.9496
2023-09-08,seattle,all,909,11650,960,95,36002.36,7118.69,473.5,372.8,0.9469
2023-09-09,seattle,all,983,12814,1014,80,46847.53,8130.27,478.5,377.0,0.9694
2023-09-10,seattle,all,915,12423,945,109,39519.56,6954.0,430.6,342.2,0.9683
2023-09-11,seattle,all,756,10014,793,74,32236.52,6227.94,400.1,314.9,0.9533
2023-09-12,seattle,all,722,10014,776,86,33925.02,6629.77,381.6,306.6,0.9304
2023-09-13,seattle,all,817,11000,874,64,37707.12,7391.19,425.1,329.8,0.9348
2023-09-14,seattle,all,797,10758,825,72,35546.79,6148.68,364.7,275.4,0.9661
2023-09-15,seattle,all,881,11846,929,76,40255.19,7304.47,431.4,330.7,0.9483
2023-09-16,seattle,all,1060,13759,1124,114,43946.57,8323.11,483.2,369.2,0.9431
2023-09-17,seattle,all,994,12461,1048,107,43559.1,8605.7,505.6,380.8,0.9485
2023-09-18,seattle,all,725,9832,772,68,33965.18,6017.63,360.9,274.8,0.9391
2023-09-19,seattle,all,836,11084,903,59,35538.6,6681.62,399.1,302.7,0.9258
2023-09-20,seattle,all,836,10755,865,66,34947.87,6091.61,400.6,292.9,0.9665
2023-09-21,seattle,all,816,10803,862,59,36045.11,6935.74,426.9,342.8,0.9466
2023-09-22,seattle,all,866,11468,914,97,38298.44,6657.25,427.0,339.7,0.9475
2023-09-23,seattle,all,1099,14296,1163,93,49921.7,9984.31,519.5,391.6,0.945
2023-09-24,seattle,all,931,12060,967,71,38141.27,6589.59,487.3,396.9,0.9628
2023-09-25,seattle,all,770,10078,818,68,29561.36,5633.22,351.0,286.0,0.9413
2023-09-26,seattle,all,778,10228,803,57,35808.78,6922.24,363.4,292.8,0.9689
2023-09-27,seattle,all,767,10931,818,91,31920.58,5673.55,347.1,250.9,0.9377
2023-09-28,seattle,all,812,11124,863,70,34638.31,6153.32,413.2,312.8,0.9409
2023-09-29,seattle,all,951,12451,995,111,37276.23,7003.62,469.4,359.4,0.9558
2023-09-30,seattle,all,1018,13583,1099,106,47082.92,8894.63,513.8,406.9,0.9263
2023-10-01,seattle,all,867,12237,929,85,38816.24,7437.8,399.7,313.2,0.9333
2023-10-02,seattle,all,708,9679,748,66,31635.16,5928.71,364.7,287.3,0.9465
2023-10-03,seattle,all,831,11188,897,87,37118.78,6504.47,373.5,297.6,0.9264
2023-10-04,seattle,all,736,10019,789,77,29048.19,5743.53,409.7,333.8,0.9328
2023-10-05,seattle,all,842,11565,873,59,35223.08,6163.98,424.8,329.3,0.9645
2023-10-06,seattle,all,884,11540,937,102,38017.48,7107.64,470.7,381.5,0.9434
2023-10-07,seattle,all,1031,13386,1092,91,43665.7,8628.35,478.0,383.1,0.9441
2023-10-08,seattle,all,908,11985,965,80,39409.63,7779.03,462.5,348.6,0.9409
2023-10-09,seattle,all,787,10319,848,71,35054.27,6135.8,373.8,299.6,0.9281
2023-10-10,seattle,all,772,10383,814,80,35677.33,6320.53,381.4,279.1,0.9484
2023-10-11,seattle,all,729,9994,754,65,29702.05,5585.63,392.3,288.7,0.9668
2023-10-12,seattle,all,823,11333,867,73,36196.0,6519.44,399.1,327.0,0.9493
2023-10-13,seattle,all,992,13023,1061,73,45200.87,8675.24,445.6,339.9,0.935
2023-10-14,seattle,all,989,12641,1036,90,41505.38,7706.39,493.1,377.7,0.9546
2023-10-15,seattle,all,871,11573,898,67,37954.49,6755.24,438.6,357.5,0.9699
2023-10-16,seattle,all,784,10438,819,88,35300.71,6436.42,391.5,296.0,0.9573
2023-10-17,seattle,all,776,10432,826,67,34163.14,6516.05,333.0,247.7,0.9395
2023-10-18,seattle,all,808,10462,836,95,36750.45,7113.21,421.5,306.8,0.9665
2023-10-19,seattle,all,881,11780,924,92,38947.54,7052.89,416.1,321.3,0.9535
2023-10-20,seattle,all,882,11687,914,95,38202.86,6614.81,496.7,367.5,0.965
2023-10-21,seattle,all,1006,12956,1060,118,41668.56,7525.27,456.3,331.5,0.9491
2023-10-22,seattle,all,937,12057,972,77,41737.51,7884.81,413.7,331.5,0.964
2023-10-23,seattle,all,725,9844,751,71,32059.46,6180.9,385.5,290.2,0.9654
2023-10-24,seattle,all,799,11014,851,58,33410.8,6561.54,380.2,295.8,0.9389
2023-10-25,seattle,all,713,9498,740,54,32285.01,6420.14,373.9,273.1,0.9635
2023-10-26,seattle,all,806,10848,836,71,37712.28,7009.99,388.0,299.0,0.9641
2023-10-27,seattle,all,837,11285,887,87,35612.5,6994.52,419.3,328.4,0.9436
2023-10-28,seattle,all,1120,14568,1156,125,47487.11,8446.17,551.4,421.8,0.9689
2023-10-29,seattle,all,921,12194,950,76,38975.68,7280.25,455.3,343.2,0.9695
2023-10-30,seattle,all,705,9789,741,76,28416.4,5290.61,311.7,234.1,0.9514
2023-10-31,seattle,all,731,9914,766,59,35387.61,6831.96,363.2,265.5,0.9543
2023-11-01,seattle,all,794,10420,839,56,34151.89,6597.93,364.6,266.7,0.9464
2023-11-02,seattle,all,883,11611,953,64,37184.37,6639.65,467.8,360.0,0.9265
2023-11-03,seattle,all,977,12530,1028,97,40566.11,7974.32,516.5,379.1,0.9504
2023-11-04,seattle,all,1056,13736,1118,100,45562.67,8964.22,480.5,356.7,0.9445
2023-11-05,seattle,all,906,11705,975,76,38478.31,7635.91,407.6,300.2,0.9292
2023-11-06,seattle,all,763,10254,804,54,35985.95,6611.67,352.5,282.1,0.949
2023-11-07,seattle,all,747,10282,799,74,30815.82,6151.53,344.9,263.8,0.9349
2023-11-08,seattle,all,727,9975,769,81,29527.27,5714.92,376.7,292.0,0.9454
2023-11-09,seattle,all,822,11203,873,60,37165.85,7046.48,388.0,302.0,0.9416
2023-11-10,seattle,all,979,12451,1054,105,42845.1,7839.27,520.8,395.6,0.9288
2023-11-11,seattle,all,1038,13287,1069,106,45162.88,8819.09,577.9,433.3,0.971
2023-11-12,seattle,all,942,12581,1013,89,42607.79,8220.07,408.3,309.6,0.9299
2023-11-13,seattle,all,753,10129,794,55,33358.48,6256.94,350.4,271.0,0.9484
2023-11-14,seattle,all,776,10535,823,90,34064.07,6809.9,379.0,286.5,0.9429
2023-11-15,seattle,all,840,11343,884,79,34362.37,6098.77,389.2,285.5,0.9502
2023-11-16,seattle,all,803,10930,838,72,32385.14,6128.97,424.1,344.1,0.9582
2023-11-17,seattle,all,963,12244,995,109,40888.07,7344.88,450.5,357.4,0.9678
2023-11-18,seattle,all,1102,14413,1187,124,45859.07,8425.93,502.4,365.1,0.9284
2023-11-19,seattle,all,930,12108,987,99,41470.8,7471.73,427.5,346.5,0.9422
2023-11-20,seattle,all,743,9957,798,83,29751.82,5356.42,352.3,259.7,0.9311
2023-11-21,seattle,all,754,10371,788,57,32434.25,5880.48,336.0,245.2,0.9569
2023-11-22,seattle,all,807,10840,842,87,35200.72,6043.98,444.9,328.0,0.9584
2023-11-23,seattle,all,820,10818,858,71,36008.46,6164.5,403.7,328.3,0.9557
2023-11-24,seattle,all,963,12230,1003,109,43217.25,8286.81,502.8,373.1,0.9601
2023-11-25,seattle,all,1031,13791,1088,91,44623.34,8002.18,517.1,413.0,0.9476
2023-11-26,seattle,all,848,11426,913,62,36066.73,6154.3,435.0,341.2,0.9288
2023-11-27,seattle,all,732,9851,786,66,34212.11,5899.69,377.6,291.4,0.9313
2023-11-28,seattle,all,821,10820,866,89,35545.96,6251.66,417.5,315.9,0.948
2023-11-29,seattle,all,830,11092,869,79,39111.33,6705.5,400.4,292.0,0.9551
2023-11-30,seattle,all,826,10972,876,89,35753.18,7092.87,397.1,314.1,0.9429
2023-12-01,seattle,all,946,12709,1003,68,41590.14,7779.47,423.0,321.3,0.9432
2023-12-02,seattle,all,1089,14397,1159,86,47583.59,8651.68,569.9,440.8,0.9396
2023-12-03,seattle,all,889,12152,939,87,39568.22,7358.95,452.4,328.1,0.9468
2023-12-04,seattle,all,704,9508,726,63,30325.74,5258.02,373.3,297.7,0.9697
2023-12-05,seattle,all,768,10814,794,80,33954.43,6487.18,402.7,317.8,0.9673
2023-12-06,seattle,all,880,11543,949,104,41683.66,8298.7,439.8,339.9,0.9273
2023-12-07,seattle,all,818,10686,873,84,37879.51,6587.99,463.5,356.7,0.937
2023-12-08,seattle,all,938,12224,1011,85,43450.62,7585.52,460.4,347.0,0.9278
2023-12-09,seattle,all,1039,14010,1088,101,42648.62,8054.61,544.8,410.9,0.955
2023-12-10,seattle,all,971,12601,1026,112,40203.03,7017.76,500.9,364.1,0.9464
2023-12-11,seattle,all,728,9448,762,75,32380.75,5627.18,342.5,270.1,0.9554
2023-12-12,seattle,all,783,10450,842,86,35779.67,6802.23,371.1,268.9,0.9299
2023-12-13,seattle,all,757,9963,791,64,32443.43,6117.52,374.6,269.8,0.957
2023-12-14,seattle,all,785,10679,836,84,33335.27,5884.75,328.9,237.8,0.939
2023-12-15,seattle,all,861,11449,894,66,40524.22,7889.88,421.0,311.7,0.9631
2023-12-16,seattle,all,1121,14676,1161,120,51015.51,8833.72,626.3,486.6,0.9655
2023-12-17,seattle,all,876,11907,909,100,40582.95,7304.01,442.0,348.3,0.9637
2023-12-18,seattle,all,807,10394,853,93,34724.25,6672.82,373.4,284.6,0.9461
2023-12-19,seattle,all,802,10767,860,61,34370.48,6475.98,363.0,276.2,0.9326
2023-12-20,seattle,all,822,10879,888,92,37883.97,7122.27,462.9,360.0,0.9257
2023-12-21,seattle,all,840,11417,891,63,36474.48,6951.61,457.8,356.9,0.9428
2023-12-22,seattle,all,905,12204,956,85,38603.78,7311.32,469.3,377.6,0.9467
2023-12-23,seattle,all,1111,14114,1188,116,46651.97,9154.43,497.0,398.5,0.9352
2023-12-24,seattle,all,935,12502,966,88,40088.27,7499.03,447.2,358.8,0.9679
2023-12-25,seattle,all,739,9889,791,64,33938.71,6178.15,360.6,290.1,0.9343
2023-12-26,seattle,all,788,10513,842,82,32054.85,6186.03,430.1,347.5,0.9359
2023-12-27,seattle,all,772,10383,816,80,35036.38,6228.67,402.9,312.5,0.9461
2023-12-28,seattle,all,827,11309,853,82,35099.47,6766.75,412.9,321.9,0.9695
2023-12-29,seattle,all,958,12563,996,92,41708.77,7440.82,443.5,351.6,0.9618
2023-12-30,seattle,all,1059,14111,1110,111,46255.28,8530.0,577.4,427.2,0.9541
2023-12-31,seattle,all,931,11977,1003,84,40511.87,7785.4,447.7,338.5,0.9282
2024-01-01,seattle,all,693,9223,736,51,30054.25,5675.14,354.2,287.4,0.9416
2024-01-02,seattle,all,735,9907,776,71,31621.48,5456.94,342.2,264.3,0.9472
2024-01-03,seattle,all,726,9894,766,77,31031.32,5691.04,368.2,267.0,0.9478
2024-01-04,seattle,all,856,11058,915,73,40149.4,7803.26,461.2,350.8,0.9355
2024-01-05,seattle,all,933,12528,976,72,41103.42,8216.69,469.8,345.8,0.9559
2024-01-06,seattle,all,1028,13868,1064,119,44947.16,8270.45,542.8,410.2,0.9662
2024-01-07,seattle,all,1032,13518,1098,117,43944.38,7583.82,475.5,368.3,0.9399
2024-01-08,seattle,all,775,10498,811,78,33404.46,6045.73,376.5,290.1,0.9556
2024-01-09,seattle,all,875,11536,915,96,37265.75,6882.9,427.5,328.8,0.9563
2024-01-10,seattle,all,824,10959,867,98,37643.42,6482.3,387.7,279.9,0.9504
2024-01-11,seattle,all,876,11794,913,86,37091.66,7267.29,463.2,354.1,0.9595
2024-01-12,seattle,all,965,12488,1038,79,37691.22,7016.74,453.5,327.8,0.9297
2024-01-13,seattle,all,1031,13347,1106,105,45496.25,8302.31,505.7,384.6,0.9322
2024-01-14,seattle,all,989,12401,1068,114,42908.1,7805.65,489.7,384.3,0.926
2024-01-15,seattle,all,762,10205,822,80,32545.98,5560.46,398.8,292.2,0.927
2024-01-16,seattle,all,739,10092,773,53,33998.01,6308.88,375.5,304.8,0.956
2024-01-17,seattle,all,753,10095,790,87,28603.65,5270.72,399.3,312.7,0.9532
2024-01-18,seattle,all,841,11951,896,91,39920.37,7200.7,406.7,301.7,0.9386
2024-01-19,seattle,all,918,12003,946,83,42522.03,8068.99,462.7,351.4,0.9704
2024-01-20,seattle,all,987,12621,1066,118,42064.25,7669.62,445.5,325.1,0.9259
2024-01-21,seattle,all,918,11858,946,97,39481.6,7389.1,493.2,356.2,0.9704
2024-01-22,seattle,all,757,10141,800,84,34148.01,6711.83,362.7,294.4,0.9462
2024-01-23,seattle,all,755,10043,803,88,34102.35,6169.68,410.1,323.0,0.9402
2024-01-24,seattle,all,818,10775,880,59,34851.27,6340.76,430.1,343.2,0.9295
2024-01-25,seattle,all,897,11745,953,98,36277.45,7109.55,496.1,388.1,0.9412
2024-01-26,seattle,all,1007,13045,1067,90,48990.67,8854.71,515.0,417.5,0.9438
2024-01-27,seattle,all,1039,13668,1086,118,47901.51,8774.64,521.3,422.0,0.9567
2024-01-28,seattle,all,900,12340,954,103,39910.57,7743.62,446.9,324.4,0.9434
2024-01-29,seattle,all,786,10381,839,88,34887.95,6550.42,380.3,281.0,0.9368
2024-01-30,seattle,all,839,11189,886,91,38062.83,7537.07,392.3,298.0,0.947
2024-01-31,seattle,all,862,11580,921,95,39333.35,7242.05,451.7,340.6,0.9359
2024-02-01,seattle,all,849,11597,877,72,33459.08,6168.88,425.1,328.4,0.9681
2024-02-02,seattle,all,1003,12869,1050,91,43357.77,7426.66,531.3,396.7,0.9552
2024-02-03,seattle,all,1108,14552,1194,84,47643.31,8381.37,589.5,471.5,0.928
2024-02-04,seattle,all,962,12586,1006,107,41986.34,7817.86,442.6,319.0,0.9563
2024-02-05,seattle,all,828,11164,879,85,37836.08,6644.52,385.9,308.4,0.942
2024-02-06,seattle,all,771,10288,814,78,30887.67,5671.21,373.9,283.9,0.9472
2024-02-07,seattle,all,838,11558,902,69,34384.72,6137.66,353.4,254.6,0.929
2024-02-08,seattle,all,910,12125,945,92,38675.15,6598.92,473.7,381.2,0.963
2024-02-09,seattle,all,876,11624,915,81,38841.45,7156.66,450.9,344.8,0.9574
2024-02-10,seattle,all,1006,13333,1080,120,46105.66,8731.86,497.3,394.1,0.9315
2024-02-11,seattle,all,926,11891,985,105,44067.33,7938.6,455.0,367.6,0.9401
2024-02-12,seattle,all,706,9708,746,68,30619.23,5918.57,371.5,268.8,0.9464
2024-02-13,seattle,all,819,10835,860,90,37532.36,6544.95,437.3,326.3,0.9523
2024-02-14,seattle,all,885,11899,930,69,40322.69,6965.29,478.1,349.9,0.9516
2024-02-15,seattle,all,816,11371,879,61,36876.4,7303.2,443.8,323.9,0.9283
2024-02-16,seattle,all,1005,12788,1069,102,44166.31,8729.46,545.6,444.4,0.9401
2024-02-17,seattle,all,1134,14732,1221,121,48899.25,8909.26,514.9,412.2,0.9287
2024-02-18,seattle,all,1000,12966,1079,73,41656.12,7606.32,532.5,402.8,0.9268
2024-02-19,seattle,all,786,10380,831,63,32627.25,6379.64,403.6,318.3,0.9458
2024-02-20,seattle,all,834,10900,884,81,37332.83,6940.76,413.7,335.9,0.9434
2024-02-21,seattle,all,809,10851,860,59,35499.14,6159.58,407.1,302.1,0.9407
2024-02-22,seattle,all,929,12356,996,85,40026.79,6942.49,442.7,319.4,0.9327
2024-02-23,seattle,all,958,12434,1018,90,43553.15,7575.37,451.8,362.5,0.9411
2024-02-24,seattle,all,1063,13986,1101,123,46303.14,8956.09,498.9,395.3,0.9655
2024-02-25,seattle,all,977,13183,1052,84,41025.21,7715.07,490.7,361.2,0.9287
2024-02-26,seattle,all,743,9965,790,58,32256.38,5773.67,377.5,290.3,0.9405
2024-02-27,seattle,all,856,11218,919,60,39209.41,6856.24,448.2,329.9,0.9314
2024-02-28,seattle,all,792,10550,833,60,33064.63,5743.46,423.1,330.1,0.9508
2024-02-29,seattle,all,865,11901,911,93,38458.25,7393.28,410.3,322.0,0.9495
2024-03-01,seattle,all,1033,13219,1100,95,45326.04,8910.01,553.2,413.6,0.9391
2024-03-02,seattle,all,996,13106,1065,80,42156.91,7838.33,506.3,404.1,0.9352
2024-03-03,seattle,all,936,12767,968,109,40579.93,7839.28,429.3,329.4,0.9669
2024-03-04,seattle,all,888,11718,933,97,36001.56,6426.06,478.8,378.6,0.9518
2024-03-05,seattle,all,798,10957,853,60,35304.48,6622.06,442.5,346.9,0.9355
2024-03-06,seattle,all,816,10613,881,68,33454.03,6126.81,393.6,301.1,0.9262
2024-03-07,seattle,all,926,12190,954,104,42928.77,7410.83,480.9,360.3,0.9706
2024-03-08,seattle,all,934,12270,974,98,40907.02,7552.3,411.1,304.4,0.9589
2024-03-09,seattle,all,995,12894,1048,117,42528.3,8310.18,569.4,452.4,0.9494
2024-03-10,seattle,all,1078,13445,1122,80,50184.38,8609.3,552.2,433.0,0.9608
2024-03-11,seattle,all,776,10252,800,84,32382.43,5968.51,363.5,271.9,0.97
2024-03-12,seattle,all,812,10883,858,60,34392.34,6747.7,420.7,343.6,0.9464
2024-03-13,seattle,all,852,10849,905,74,34059.26,6597.35,430.6,344.9,0.9414
2024-03-14,seattle,all,874,11742,918,94,40973.92,7572.12,424.2,310.8,0.9521
2024-03-15,seattle,all,1007,13009,1056,106,48457.15,8486.8,537.4,395.7,0.9536
2024-03-16,seattle,all,966,12865,1043,68,38947.28,7612.47,526.8,408.0,0.9262
2024-03-17,seattle,all,954,12903,1005,76,40263.86,7029.83,475.7,347.4,0.9493
2024-03-18,seattle,all,750,10161,802,82,33115.19,5904.59,376.9,307.7,0.9352
2024-03-19,seattle,all,860,11572,898,66,36864.31,6404.37,380.2,298.0,0.9577
2024-03-20,seattle,all,824,11024,883,71,36199.23,6652.34,380.2,276.3,0.9332
2024-03-21,seattle,all,900,12477,964,71,39367.16,7435.51,468.9,358.4,0.9336
2024-03-22,seattle,all,929,11981,969,70,41708.95,8125.47,457.8,339.8,0.9587
2024-03-23,seattle,all,1012,13454,1076,113,42388.51,7792.71,503.4,387.1,0.9405
2024-03-24,seattle,all,974,12581,1036,71,43268.83,8615.76,524.5,390.6,0.9402
2024-03-25,seattle,all,804,10623,846,78,33401.79,6275.38,416.4,334.4,0.9504
2024-03-26,seattle,all,845,11472,903,88,36414.36,6850.72,432.7,342.7,0.9358
2024-03-27,seattle,all,818,11239,855,60,32866.54,5760.15,396.7,321.6,0.9567
2024-03-28,seattle,all,882,11522,930,90,38023.01,6680.78,458.1,338.9,0.9484
2024-03-29,seattle,all,965,12395,1042,84,41244.08,7724.97,531.0,402.8,0.9261
2024-03-30,seattle,all,1110,14465,1153,124,51144.22,9800.58,505.1,404.4,0.9627
2024-03-31,seattle,all,990,12578,1027,109,43430.93,7649.98,487.1,368.9,0.964
2023-01-01,denver,all,539,7618,560,40,19483.46,3317.79,294.0,232.8,0.9625
2023-01-02,denver,all,485,6736,518,56,18465.95,3164.62,236.2,186.7,0.9363
2023-01-03,denver,all,443,6439,472,42,15441.88,2910.66,214.4,158.5,0.9386
2023-01-04,denver,all,423,5846,455,32,16322.8,3163.9,201.1,149.9,0.9297
2023-01-05,denver,all,505,7137,528,53,17105.23,3142.42,266.5,215.9,0.9564
2023-01-06,denver,all,569,7810,604,42,22441.06,3943.17,297.7,228.4,0.9421
2023-01-07,denver,all,590,8045,608,53,21311.15,3882.87,292.7,226.9,0.9704
2023-01-08,denver,all,538,7511,579,44,21429.96,4137.05,303.8,247.9,0.9292
2023-01-09,denver,all,461,6497,488,36,16340.17,2831.08,260.6,193.0,0.9447
2023-01-10,denver,all,466,6751,497,45,18901.34,3530.88,253.2,198.2,0.9376
2023-01-11,denver,all,492,6781,514,52,17332.34,3311.63,220.9,176.1,0.9572
2023-01-12,denver,all,512,7389,529,48,17244.77,3146.74,267.1,200.8,0.9679
2023-01-13,denver,all,588,7998,607,65,21802.89,4099.77,295.7,222.0,0.9687
2023-01-14,denver,all,596,8357,638,69,23412.6,4600.68,257.7,208.7,0.9342
2023-01-15,denver,all,529,7338,549,58,20346.91,3588.88,266.6,194.6,0.9636
2023-01-16,denver,all,451,6430,483,53,17657.33,3073.3,241.5,177.7,0.9337
2023-01-17,denver,all,494,6594,515,58,19018.73,3267.9,269.3,205.0,0.9592
2023-01-18,denver,all,477,6743,504,53,16925.15,3246.01,232.6,186.0,0.9464
2023-01-19,denver,all,514,7395,536,44,19746.79,3890.43,225.6,172.7,0.959
2023-01-20,denver,all,579,8017,598,46,21522.44,4104.58,269.1,201.0,0.9682
2023-01-21,denver,all,594,8400,628,63,21198.08,4224.64,302.3,230.4,0.9459
2023-01-22,denver,all,541,7448,567,61,20196.51,3862.45,263.9,201.8,0.9541
2023-01-23,denver,all,487,6636,512,54,17968.25,3210.11,247.5,196.2,0.9512
2023-01-24,denver,all,511,7177,542,52,20245.61,3596.99,244.6,197.4,0.9428
2023-01-25,denver,all,462,6418,483,52,16653.93,3164.25,218.0,164.0,0.9565
2023-01-26,denver,all,494,7117,523,52,17764.74,3380.17,250.9,198.4,0.9446
2023-01-27,denver,all,605,8339,643,62,21603.05,4012.0,280.8,221.9,0.9409
2023-01-28,denver,all,603,8237,624,44,24427.03,4538.71,275.6,219.6,0.9663
2023-01-29,denver,all,594,8271,622,55,21271.75,3882.08,328.7,255.6,0.955
2023-01-30,denver,all,480,6738,497,34,18911.59,3413.5,256.1,184.8,0.9658
2023-01-31,denver,all,429,5998,442,32,15054.44,2845.61,225.1,176.8,0.9706
2023-02-01,denver,all,495,6925,511,48,18778.94,3613.55,253.8,198.3,0.9687
2023-02-02,denver,all,497,7056,527,36,18630.36,3621.78,245.0,191.4,0.9431
2023-02-03,denver,all,563,7564,582,65,22115.61,3963.89,272.9,204.2,0.9674
2023-02-04,denver,all,598,8255,642,55,23330.07,4566.44,309.4,225.8,0.9315
2023-02-05,denver,all,608,8406,649,64,22588.11,4045.13,272.8,201.6,0.9368
2023-02-06,denver,all,453,6224,467,35,16310.9,2922.04,178.7,132.5,0.97
2023-02-07,denver,all,441,6383,467,50,17642.72,3425.86,227.9,168.0,0.9443
2023-02-08,denver,all,451,6608,465,42,16155.56,3216.27,215.5,160.4,0.9699
2023-02-09,denver,all,501,7210,519,49,16435.16,3253.62,254.3,184.8,0.9653
2023-02-10,denver,all,545,7423,588,56,18291.1,3170.44,231.3,172.8,0.9269
2023-02-11,denver,all,619,8277,652,60,21053.51,3761.3,333.5,273.4,0.9494
2023-02-12,denver,all,550,7657,567,54,20956.12,4040.27,254.9,196.6,0.97
2023-02-13,denver,all,472,6440,506,51,19397.67,3766.78,256.0,193.1,0.9328
2023-02-14,denver,all,480,6782,516,53,15948.51,2952.52,259.1,205.2,0.9302
2023-02-15,denver,all,486,6891,514,41,17278.4,2945.67,219.7,168.5,0.9455
2023-02-16,denver,all,482,6940,513,56,17913.38,3314.97,238.4,172.4,0.9396
2023-02-17,denver,all,546,7211,584,48,21763.12,3720.07,246.6,191.1,0.9349
2023-02-18,denver,all,643,8853,686,54,22853.71,4078.06,327.0,245.4,0.9373
2023-02-19,denver,all,538,7587,567,46,20494.02,3887.83,283.5,220.3,0.9489
2023-02-20,denver,all,461,6212,494,41,16843.71,2931.45,235.9,173.9,0.9332
2023-02-21,denver,all,472,6629,499,41,19740.57,3777.85,209.8,161.2,0.9459
2023-02-22,denver,all,480,6678,501,54,17888.35,3374.49,244.9,181.1,0.9581
2023-02-23,denver,all,518,7084,534,51,19506.86,3567.63,249.3,186.9,0.97
2023-02-24,denver,all,582,7892,610,69,21624.72,3917.63,331.6,261.5,0.9541
2023-02-25,denver,all,630,8479,652,47,22826.68,4506.9,309.1,229.6,0.9663
2023-02-26,denver,all,569,7799,588,57,22052.88,4114.96,295.1,224.8,0.9677
2023-02-27,denver,all,483,6729,509,36,16835.35,3310.96,207.6,151.0,0.9489
2023-02-28,denver,all,445,6300,479,41,14816.88,2702.2,236.6,186.6,0.929
2023-03-01,denver,all,459,6499,475,41,16855.46,3166.12,234.7,181.6,0.9663
2023-03-02,denver,all,531,7486,554,55,20448.17,4061.79,263.0,210.8,0.9585
2023-03-03,denver,all,526,7271,564,56,18896.85,3282.81,301.7,233.4,0.9326
2023-03-04,denver,all,627,8515,658,51,23415.32,4165.2,333.0,272.9,0.9529
2023-03-05,denver,all,592,8048,632,47,20567.09,4062.02,284.5,211.7,0.9367
2023-03-06,denver,all,451,6272,477,41,17573.63,3210.0,228.7,181.6,0.9455
2023-03-07,denver,all,420,5862,445,34,16046.53,2858.87,212.0,161.8,0.9438
2023-03-08,denver,all,499,6790,518,52,18481.21,3694.77,238.6,180.8,0.9633
2023-03-09,denver,all,545,7550,571,52,20335.12,3519.32,253.0,200.7,0.9545
2023-03-10,denver,all,564,7768,598,63,19413.94,3656.54,289.4,236.0,0.9431
2023-03-11,denver,all,583,7927,601,69,20116.15,3895.34,294.6,234.4,0.97
2023-03-12,denver,all,632,8431,657,56,23241.37,4499.58,334.3,251.7,0.9619
2023-03-13,denver,all,428,6169,449,49,16242.78,2976.57,210.4,162.2,0.9532
2023-03-14,denver,all,459,6239,488,50,17462.24,2991.61,207.0,153.5,0.9406
2023-03-15,denver,all,483,6941,510,37,17546.7,3425.66,258.3,202.0,0.9471
2023-03-16,denver,all,532,7390,567,59,20417.6,3962.69,289.8,220.3,0.9383
2023-03-17,denver,all,574,7883,612,54,22746.74,4028.93,310.8,230.9,0.9379
2023-03-18,denver,all,598,8217,617,63,22027.91,3969.78,255.2,184.3,0.9692
2023-03-19,denver,all,594,8375,639,62,22318.29,4137.31,298.1,242.2,0.9296
2023-03-20,denver,all,476,6607,510,54,17428.96,3022.61,250.6,182.4,0.9333
2023-03-21,denver,all,421,6116,439,45,15478.63,3012.4,226.4,170.5,0.959
2023-03-22,denver,all,490,7137,517,55,18283.71,3614.01,245.3,181.3,0.9478
2023-03-23,denver,all,526,7265,550,45,21119.45,3785.57,257.0,197.7,0.9564
2023-03-24,denver,all,628,8325,675,75,24299.37,4804.49,297.7,220.1,0.9304
2023-03-25,denver,all,636,8842,667,66,24502.91,4754.2,299.2,237.5,0.9535
2023-03-26,denver,all,665,8949,698,72,24046.78,4613.01,293.3,217.8,0.9527
2023-03-27,denver,all,466,6490,501,53,16467.68,3278.3,205.4,151.7,0.9301
2023-03-28,denver,all,472,6688,500,36,17804.14,3200.11,224.4,166.4,0.944
2023-03-29,denver,all,502,6915,521,44,19729.07,3895.89,279.9,209.9,0.9635
2023-03-30,denver,all,507,7197,538,57,20375.47,3523.98,254.3,199.4,0.9424
2023-03-31,denver,all,581,7899,622,67,18860.78,3476.8,284.8,211.0,0.9341
2023-04-01,denver,all,542,7635,567,58,22506.99,4198.91,280.1,221.2,0.9559
2023-04-02,denver,all,558,7851,589,53,21076.46,3660.65,271.1,206.9,0.9474
2023-04-03,denver,all,475,6569,504,39,18373.72,3529.97,253.4,187.4,0.9425
2023-04-04,denver,all,482,6745,509,46,16282.49,3000.14,263.1,195.7,0.947
2023-04-05,denver,all,476,6755,514,43,17403.38,3196.41,270.5,209.0,0.9261
2023-04-06,denver,all,543,7401,573,62,20917.59,3920.86,256.5,194.4,0.9476
2023-04-07,denver,all,595,7866,632,59,20721.9,3606.47,335.3,258.6,0.9415
2023-04-08,denver,all,660,8975,706,59,20893.37,3677.25,306.1,245.3,0.9348
2023-04-09,denver,all,577,8160,598,55,21707.14,3807.88,298.9,216.6,0.9649
2023-04-10,denver,all,478,6774,493,56,17641.98,3502.96,213.9,162.4,0.9696
2023-04-11,denver,all,485,6979,523,49,19238.24,3716.75,245.4,186.9,0.9273
2023-04-12,denver,all,500,7053,533,41,18352.08,3411.21,264.5,197.1,0.9381
2023-04-13,denver,all,525,7573,551,50,19340.77,3670.56,238.0,181.9,0.9528
2023-04-14,denver,all,571,8028,589,53,21863.99,4143.21,280.9,218.2,0.9694
2023-04-15,denver,all,585,8417,607,50,22763.53,4048.96,288.6,224.7,0.9638
2023-04-16,denver,all,571,7811,588,61,20378.31,3517.26,226.4,178.2,0.9711
2023-04-17,denver,all,432,6403,454,36,16738.84,3124.27,234.2,170.4,0.9515
2023-04-18,denver,all,483,6870,511,46,17404.8,3096.16,261.5,200.3,0.9452
2023-04-19,denver,all,492,6856,511,45,18219.04,3574.65,251.3,200.0,0.9628
2023-04-20,denver,all,504,7234,535,47,19273.43,3412.97,236.5,181.0,0.9421
2023-04-21,denver,all,541,7590,583,53,20862.85,3905.23,273.9,215.2,0.928
2023-04-22,denver,all,584,8026,630,61,21951.91,4008.48,288.6,224.8,0.927
2023-04-23,denver,all,566,7898,607,44,19810.55,3809.31,298.8,229.0,0.9325
2023-04-24,denver,all,458,6451,482,39,15361.33,3049.57,268.7,195.6,0.9502
2023-04-25,denver,all,497,7177,526,54,18216.18,3321.67,279.1,218.6,0.9449
2023-04-26,denver,all,518,7345,547,60,20096.78,3443.19,267.1,206.6,0.947
2023-04-27,denver,all,507,7226,526,37,19180.79,3641.34,248.9,179.3,0.9639
2023-04-28,denver,all,570,7831,611,42,21345.22,3711.41,312.9,231.8,0.9329
2023-04-29,denver,all,658,8745,700,77,24337.45,4213.67,331.7,240.9,0.94
2023-04-30,denver,all,594,8117,631,46,22317.67,4236.94,311.7,242.2,0.9414
2023-05-01,denver,all,462,6465,481,55,16244.35,2811.64,254.4,183.6,0.9605
2023-05-02,denver,all,470,6734,488,52,18068.39,3141.43,252.3,202.9,0.9631
2023-05-03,denver,all,529,7451,568,40,20401.24,3736.94,270.1,220.1,0.9313
2023-05-04,denver,all,518,7372,538,39,18825.55,3455.8,267.9,219.0,0.9628
2023-05-05,denver,all,570,7814,589,68,21550.82,4254.38,327.6,243.3,0.9677
2023-05-06,denver,all,602,8152,639,50,20362.28,3630.27,316.8,243.8,0.9421
2023-05-07,denver,all,619,8583,659,60,23109.18,4206.52,353.0,285.6,0.9393
2023-05-08,denver,all,472,6731,489,39,17347.76,3317.34,226.6,178.7,0.9652
2023-05-09,denver,all,454,6481,472,45,17855.63,3478.47,226.7,170.0,0.9619
2023-05-10,denver,all,471,6734,504,53,17253.91,3113.88,258.0,207.3,0.9345
2023-05-11,denver,all,524,7382,564,54,20230.08,3822.12,267.1,207.6,0.9291
2023-05-12,denver,all,592,8186,624,43,21475.59,4052.99,288.1,228.5,0.9487
2023-05-13,denver,all,662,8828,708,66,21694.21,3885.35,332.5,271.6,0.935
2023-05-14,denver,all,606,7898,634,62,22169.15,3847.65,311.5,255.4,0.9558
2023-05-15,denver,all,484,6918,516,39,18084.18,3444.59,267.7,206.3,0.938
2023-05-16,denver,all,472,6634,499,51,17595.71,3132.78,242.3,178.3,0.9459
2023-05-17,denver,all,566,7847,607,57,21115.77,3791.3,281.2,219.9,0.9325
2023-05-18,denver,all,549,7803,587,39,19798.62,3705.72,282.1,221.3,0.9353
2023-05-19,denver,all,594,8313,620,70,21622.26,3780.1,337.7,262.5,0.9581
2023-05-20,denver,all,624,8272,647,58,21787.75,3861.77,328.3,250.2,0.9645
2023-05-21,denver,all,630,8531,674,51,20982.96,3847.9,321.4,250.1,0.9347
2023-05-22,denver,all,482,6775,497,36,17739.07,3483.15,258.0,199.5,0.9698
2023-05-23,denver,all,452,6215,481,40,16100.86,3110.17,266.7,217.2,0.9397
2023-05-24,denver,all,474,6595,499,40,18484.91,3318.56,228.6,183.7,0.9499
2023-05-25,denver,all,545,7719,563,46,17965.01,3216.85,252.2,191.5,0.968
2023-05-26,denver,all,576,8069,613,63,21622.11,4316.21,268.5,208.6,0.9396
2023-05-27,denver,all,635,8798,669,65,25987.22,4927.22,354.5,275.3,0.9492
2023-05-28,denver,all,632,8465,678,48,23170.22,4415.46,339.8,262.0,0.9322
2023-05-29,denver,all,448,6253,466,47,16573.72,2844.94,224.3,162.8,0.9614
2023-05-30,denver,all,473,6711,487,50,17874.07,3094.88,257.9,204.1,0.9713
2023-05-31,denver,all,502,6856,520,48,19042.55,3405.45,249.6,198.0,0.9654
2023-06-01,denver,all,540,7662,563,65,19571.9,3821.62,253.6,194.9,0.9591
2023-06-02,denver,all,558,7512,593,47,19605.14,3868.49,307.4,249.0,0.941
2023-06-03,denver,all,631,8627,661,46,24108.95,4236.69,272.3,222.8,0.9546
2023-06-04,denver,all,566,7479,586,40,18944.07,3626.39,258.9,207.5,0.9659
2023-06-05,denver,all,462,6440,499,40,17805.31,3493.83,233.1,189.5,0.9259
2023-06-06,denver,all,504,7121,522,48,18282.69,3590.12,256.3,197.0,0.9655
2023-06-07,denver,all,521,7399,546,39,19279.97,3542.97,245.4,199.1,0.9542
2023-06-08,denver,all,511,7232,549,50,18410.12,3272.64,270.5,220.1,0.9308
2023-06-09,denver,all,595,8292,632,68,23590.04,4687.07,302.1,236.3,0.9415
2023-06-10,denver,all,636,8968,665,70,23824.99,4247.94,320.2,235.4,0.9564
2023-06-11,denver,all,620,8461,669,64,22570.97,4008.17,296.9,218.3,0.9268
2023-06-12,denver,all,458,6546,483,47,16649.53,2933.16,249.7,191.6,0.9482
2023-06-13,denver,all,415,5934,428,44,15241.25,2834.51,186.0,147.6,0.9696
2023-06-14,denver,all,526,7446,542,50,21794.46,3775.14,260.2,200.4,0.9705
2023-06-15,denver,all,503,7107,542,45,17385.38,3253.16,273.2,218.6,0.928
2023-06-16,denver,all,582,7988,608,50,22699.94,4501.64,275.2,219.3,0.9572
2023-06-17,denver,all,679,9008,727,51,25836.63,4783.63,372.3,275.6,0.934
2023-06-18,denver,all,577,7818,596,57,22992.67,4574.63,316.1,231.8,0.9681
2023-06-19,denver,all,488,6628,506,46,18623.92,3672.1,240.0,189.7,0.9644
2023-06-20,denver,all,506,7214,543,38,18725.15,3628.35,230.8,173.6,0.9319
2023-06-21,denver,all,507,7055,547,42,19715.73,3711.32,257.2,209.1,0.9269
2023-06-22,denver,all,525,7484,542,57,19648.16,3859.3,264.3,213.3,0.9686
2023-06-23,denver,all,608,8443,631,50,23345.17,4357.36,279.5,213.9,0.9635
2023-06-24,denver,all,652,8576,695,60,25846.72,4554.61,279.8,217.7,0.9381
2023-06-25,denver,all,584,8140,617,46,21707.96,4292.87,292.2,235.1,0.9465
2023-06-26,denver,all,454,6723,477,36,16441.56,3042.77,248.4,200.5,0.9518
2023-06-27,denver,all,476,6821,495,51,17045.06,3361.84,236.2,183.2,0.9616
2023-06-28,denver,all,478,7037,515,35,18084.41,3287.64,267.7,218.8,0.9282
2023-06-29,denver,all,548,7902,569,46,19385.71,3490.82,253.3,195.6,0.9631
2023-06-30,denver,all,589,8226,614,70,21411.84,4132.05,308.9,223.7,0.9593
2023-07-01,denver,all,668,9158,699,63,23520.28,4446.12,354.0,274.8,0.9557
2023-07-02,denver,all,588,8417,610,59,22308.97,4086.82,320.6,255.7,0.9639
2023-07-03,denver,all,499,6898,527,51,17768.65,3489.01,290.6,237.9,0.9469
2023-07-04,denver,all,470,6899,492,38,16271.19,3018.26,221.2,161.6,0.9553
2023-07-05,denver,all,455,6453,482,40,15900.0,2709.1,244.1,186.5,0.944
2023-07-06,denver,all,553,7878,580,50,19876.75,3792.41,274.8,214.0,0.9534
2023-07-07,denver,all,597,8060,618,49,21558.53,3705.8,284.1,229.6,0.966
2023-07-08,denver,all,665,9061,714,54,24914.35,4595.03,336.6,266.4,0.9314
2023-07-09,denver,all,618,8279,652,62,22681.22,3986.51,284.0,211.0,0.9479
2023-07-10,denver,all,433,6169,453,33,16317.64,2892.46,239.8,193.3,0.9558
2023-07-11,denver,all,432,6169,445,33,16344.13,3258.93,231.4,182.0,0.9708
2023-07-12,denver,all,496,6955,526,49,19031.48,3300.14,223.5,180.9,0.943
2023-07-13,denver,all,562,7784,601,52,18810.43,3625.36,316.3,254.1,0.9351
2023-07-14,denver,all,644,8700,684,65,22485.03,4252.44,338.6,248.2,0.9415
2023-07-15,denver,all,665,9075,711,47,25287.65,4446.87,321.6,262.4,0.9353
2023-07-16,denver,all,586,8004,608,62,21911.19,4339.73,288.2,220.6,0.9638
2023-07-17,denver,all,477,6749,514,54,18511.09,3258.74,274.3,224.4,0.928
2023-07-18,denver,all,515,7227,536,50,17583.94,3261.25,278.5,205.7,0.9608
2023-07-19,denver,all,482,6552,503,54,17410.3,3372.65,281.7,225.2,0.9583
2023-07-20,denver,all,565,8027,596,51,20595.21,3972.96,297.0,222.9,0.948
2023-07-21,denver,all,650,8983,670,48,24250.29,4355.14,330.2,239.2,0.9701
2023-07-22,denver,all,702,9717,739,62,26020.59,5078.65,277.0,227.0,0.9499
2023-07-23,denver,all,620,8441,645,57,23478.03,4668.91,337.1,252.9,0.9612
2023-07-24,denver,all,456,6729,487,52,16775.28,3090.35,225.1,163.9,0.9363
2023-07-25,denver,all,512,7256,547,44,20243.88,3837.62,300.0,241.8,0.936
2023-07-26,denver,all,524,7287,556,45,21027.46,3804.61,234.8,179.2,0.9424
2023-07-27,denver,all,517,7386,543,59,18059.79,3262.0,266.1,206.9,0.9521
2023-07-28,denver,all,588,8037,615,49,21805.07,4014.13,312.3,255.6,0.9561
2023-07-29,denver,all,670,8830,718,68,25779.11,4534.91,325.4,249.9,0.9331
2023-07-30,denver,all,596,8130,629,51,22697.38,4327.98,323.1,234.8,0.9475
2023-07-31,denver,all,471,6977,497,55,17071.63,2986.98,255.8,201.9,0.9477
2023-08-01,denver,all,461,6711,477,37,17274.36,2939.33,216.9,171.6,0.9665
2023-08-02,denver,all,491,6977,511,52,16728.67,3064.43,274.3,202.8,0.9609
2023-08-03,denver,all,543,7811,569,53,20071.77,3458.22,258.4,200.1,0.9543
2023-08-04,denver,all,618,8471,658,74,21196.43,3961.04,286.0,216.5,0.9392
2023-08-05,denver,all,678,9358,727,81,25723.16,4774.5,369.9,268.2,0.9326
2023-08-06,denver,all,632,8471,682,69,22079.22,3844.39,301.3,226.3,0.9267
2023-08-07,denver,all,452,6528,475,34,16860.33,2990.68,235.6,191.1,0.9516
2023-08-08,denver,all,519,7368,546,49,19509.48,3330.92,236.7,177.5,0.9505
2023-08-09,denver,all,548,7716,585,62,20352.91,3822.65,298.7,221.7,0.9368
2023-08-10,denver,all,495,6959,518,50,17736.29,3171.0,264.4,215.2,0.9556
2023-08-11,denver,all,627,8575,663,71,22954.98,4393.34,314.8,238.7,0.9457
2023-08-12,denver,all,602,8677,640,66,23589.36,4455.91,265.4,216.1,0.9406
2023-08-13,denver,all,640,8766,667,55,23177.26,4199.9,293.7,237.3,0.9595
2023-08-14,denver,all,495,7025,517,39,18334.62,3128.83,244.8,187.8,0.9574
2023-08-15,denver,all,503,6988,527,43,18092.88,3249.57,245.9,186.5,0.9545
2023-08-16,denver,all,499,6961,528,52,19405.01,3487.97,268.0,196.7,0.9451
2023-08-17,denver,all,522,7340,545,49,19389.16,3489.68,275.3,203.5,0.9578
2023-08-18,denver,all,623,8503,648,45,22170.48,4403.13,323.7,240.6,0.9614
2023-08-19,denver,all,671,8968,696,72,24835.84,4344.7,383.8,294.4,0.9641
2023-08-20,denver,all,579,7764,620,42,21164.82,3769.49,292.5,221.5,0.9339
2023-08-21,denver,all,464,6523,498,42,18363.39,3580.35,253.8,203.0,0.9317
2023-08-22,denver,all,498,6746,535,46,18384.83,3635.69,271.0,203.2,0.9308
2023-08-23,denver,all,506,7240,542,48,17427.61,3207.53,277.4,211.5,0.9336
2023-08-24,denver,all,528,7654,547,41,20023.06,3728.32,296.9,217.4,0.9653
2023-08-25,denver,all,599,8230,620,64,24142.25,4142.47,309.5,231.2,0.9661
2023-08-26,denver,all,688,9521,726,77,26979.45,5240.52,317.6,253.5,0.9477
2023-08-27,denver,all,586,8467,619,61,20486.31,3848.08,294.4,232.8,0.9467
2023-08-28,denver,all,486,6965,518,57,17740.39,3270.8,268.4,204.0,0.9382
2023-08-29,denver,all,504,7081,525,42,18619.39,3334.31,272.0,211.5,0.96
2023-08-30,denver,all,523,7409,563,41,19333.05,3544.0,256.5,196.4,0.929
2023-08-31,denver,all,498,7148,521,37,18776.98,3606.29,243.7,197.3,0.9559
2023-09-01,denver,all,656,8996,695,70,23854.4,4113.05,330.5,251.0,0.9439
2023-09-02,denver,all,701,9595,752,55,24749.57,4583.73,371.8,294.5,0.9322
2023-09-03,denver,all,617,8352,652,72,23915.43,4090.47,285.8,212.0,0.9463
2023-09-04,denver,all,508,7276,542,51,17740.07,3426.81,239.9,183.1,0.9373
2023-09-05,denver,all,495,6881,528,55,17580.46,3099.97,205.9,159.1,0.9375
2023-09-06,denver,all,498,7195,533,46,17385.13,3426.64,281.8,205.8,0.9343
2023-09-07,denver,all,537,7671,575,57,20477.2,3773.6,268.1,208.8,0.9339
2023-09-08,denver,all,646,8577,678,60,24029.24,4414.6,347.6,270.2,0.9528
2023-09-09,denver,all,632,8851,662,61,24416.99,4414.85,324.2,238.6,0.9547
2023-09-10,denver,all,604,8404,646,66,21470.62,3982.6,351.3,288.0,0.935
2023-09-11,denver,all,503,7298,533,41,17445.01,3142.56,256.1,186.8,0.9437
2023-09-12,denver,all,504,7243,534,58,18234.11,3296.69,262.1,212.2,0.9438
2023-09-13,denver,all,487,6874,512,52,17854.58,3140.06,249.4,191.8,0.9512
2023-09-14,denver,all,564,7871,587,61,21086.17,3803.03,305.8,227.0,0.9608
2023-09-15,denver,all,567,7790,597,46,19214.26,3734.32,297.8,217.8,0.9497
2023-09-16,denver,all,597,8245,644,44,22617.73,4011.72,279.2,220.6,0.927
2023-09-17,denver,all,568,7993,593,42,20076.33,3907.62,280.5,223.1,0.9578
2023-09-18,denver,all,490,7028,511,50,17543.12,3435.63,228.3,179.8,0.9589
2023-09-19,denver,all,491,7161,509,38,19233.14,3654.1,271.7,207.0,0.9646
2023-09-20,denver,all,501,6977,528,60,16513.5,2822.5,256.3,189.0,0.9489
2023-09-21,denver,all,552,7689,577,65,20753.34,3877.37,265.1,211.8,0.9567
2023-09-22,denver,all,616,8460,656,44,23155.22,4515.14,311.4,251.3,0.939
2023-09-23,denver,all,679,9244,704,72,24094.48,4360.46,322.6,244.9,0.9645
2023-09-24,denver,all,580,7823,605,48,20980.36,3744.67,313.3,251.9,0.9587
2023-09-25,denver,all,506,7143,523,44,19865.02,3568.58,234.4,183.7,0.9675
2023-09-26,denver,all,523,7200,540,43,21250.23,3882.25,280.9,217.1,0.9685
2023-09-27,denver,all,481,6949,515,54,18744.45,3226.01,210.2,164.2,0.934
2023-09-28,denver,all,515,7327,554,59,20851.76,3693.48,245.2,179.2,0.9296
2023-09-29,denver,all,612,8479,654,44,21861.27,4140.7,326.1,238.9,0.9358
2023-09-30,denver,all,672,9108,721,56,22899.64,4217.53,333.5,264.4,0.932
2023-10-01,denver,all,588,8314,608,54,21698.76,3849.8,283.3,231.5,0.9671
2023-10-02,denver,all,506,6957,544,49,19475.43,3854.7,282.3,217.6,0.9301
2023-10-03,denver,all,484,6763,510,36,16247.26,2906.09,263.6,191.2,0.949
2023-10-04,denver,all,528,7210,564,59,18631.04,3239.56,269.0,195.5,0.9362
2023-10-05,denver,all,539,7625,572,63,19129.93,3366.49,245.3,188.1,0.9423
2023-10-06,denver,all,629,8729,659,57,23687.92,4237.71,317.6,249.6,0.9545
2023-10-07,denver,all,633,8576,660,71,23687.55,4398.23,308.4,226.8,0.9591
2023-10-08,denver,all,654,8791,677,68,23260.13,4000.5,284.3,205.6,0.966
2023-10-09,denver,all,488,6994,513,49,18218.33,3564.38,266.8,211.6,0.9513
2023-10-10,denver,all,486,7159,513,54,16952.71,3328.23,252.3,185.3,0.9474
2023-10-11,denver,all,516,7569,557,48,18684.93,3354.89,296.8,226.7,0.9264
2023-10-12,denver,all,544,7646,561,53,18855.12,3643.93,302.6,240.1,0.9697
2023-10-13,denver,all,637,8480,675,53,23391.95,4397.47,338.3,247.8,0.9437
2023-10-14,denver,all,634,8932,670,67,22519.11,4399.41,353.1,269.9,0.9463
2023-10-15,denver,all,625,8627,644,49,23923.25,4265.73,325.5,238.0,0.9705
2023-10-16,denver,all,483,6885,505,40,17847.6,3360.83,212.3,160.2,0.9564
2023-10-17,denver,all,523,7118,550,49,19131.62,3294.1,239.0,193.9,0.9509
2023-10-18,denver,all,530,7171,559,47,21343.65,3634.47,257.7,203.2,0.9481
2023-10-19,denver,all,562,7886,585,46,21192.5,4158.84,316.0,228.2,0.9607
2023-10-20,denver,all,648,8742,669,52,23534.66,4208.85,337.4,247.5,0.9686
2023-10-21,denver,all,686,9259,717,78,24641.18,4518.26,364.6,273.2,0.9568
2023-10-22,denver,all,601,8469,644,60,20923.71,3702.52,337.4,273.1,0.9332
2023-10-23,denver,all,531,7406,568,47,19582.28,3844.08,256.9,204.2,0.9349
2023-10-24,denver,all,478,6901,497,54,17958.02,3260.03,207.4,162.1,0.9618
2023-10-25,denver,all,542,7690,576,60,18134.46,3180.3,264.8,194.7,0.941
2023-10-26,denver,all,557,7698,599,42,19203.48,3614.86,281.7,229.0,0.9299
2023-10-27,denver,all,597,8178,620,59,21518.99,3790.87,308.1,246.7,0.9629
2023-10-28,denver,all,681,9150,706,58,23813.46,4234.53,329.5,245.1,0.9646
2023-10-29,denver,all,638,8536,658,62,23657.06,4499.19,343.7,261.4,0.9696
2023-10-30,denver,all,482,7071,501,51,17996.42,3577.27,258.6,197.3,0.9621
2023-10-31,denver,all,509,7525,545,36,18717.83,3605.88,245.5,191.2,0.9339
2023-11-01,denver,all,523,7223,560,50,19883.32,3454.22,229.0,173.5,0.9339
2023-11-02,denver,all,551,7610,582,47,19790.77,3550.0,255.5,189.3,0.9467
2023-11-03,denver,all,626,8547,655,61,23108.84,4480.59,308.5,242.7,0.9557
2023-11-04,denver,all,710,9675,760,54,24952.15,4447.83,328.9,259.1,0.9342
2023-11-05,denver,all,673,9075,700,75,25255.37,4854.13,324.6,248.1,0.9614
2023-11-06,denver,all,549,7634,569,53,20390.1,3754.91,271.2,208.5,0.9649
2023-11-07,denver,all,524,7449,542,42,18226.14,3582.02,240.6,174.5,0.9668
2023-11-08,denver,all,542,7516,581,59,19898.52,3597.14,271.3,207.7,0.9329
2023-11-09,denver,all,563,8016,600,40,20791.61,4117.51,276.4,221.1,0.9383
2023-11-10,denver,all,641,8757,680,64,24050.24,4382.51,329.8,257.0,0.9426
2023-11-11,denver,all,711,9714,758,68,26725.44,5125.59,411.3,334.0,0.938
2023-11-12,denver,all,591,8247,613,43,21078.49,3706.78,294.9,233.5,0.9641
2023-11-13,denver,all,502,7201,527,41,19283.2,3585.2,242.9,193.8,0.9526
2023-11-14,denver,all,526,7124,563,39,19970.99,3580.88,255.1,195.4,0.9343
2023-11-15,denver,all,512,7371,551,55,18257.68,3110.78,223.3,164.6,0.9292
2023-11-16,denver,all,521,7309,550,55,18175.61,3328.29,265.2,215.1,0.9473
2023-11-17,denver,all,586,7955,607,44,20979.34,3675.05,308.8,242.7,0.9654
2023-11-18,denver,all,691,9488,746,52,23685.72,4707.72,311.1,252.3,0.9263
2023-11-19,denver,all,607,8221,637,69,22692.58,4408.21,291.7,228.0,0.9529
2023-11-20,denver,all,484,6798,506,39,18967.76,3645.33,286.1,219.0,0.9565
2023-11-21,denver,all,527,7590,546,45,20884.94,3834.47,242.7,178.0,0.9652
2023-11-22,denver,all,518,7246,534,54,18122.08,3221.62,236.7,179.8,0.97
2023-11-23,denver,all,555,7937,588,41,21342.85,3835.97,296.5,231.2,0.9439
2023-11-24,denver,all,631,8364,669,74,23445.64,4129.5,321.5,261.4,0.9432
2023-11-25,denver,all,689,9378,718,49,22439.01,4186.15,333.8,268.0,0.9596
2023-11-26,denver,all,642,8932,666,72,23359.21,4539.59,311.4,240.2,0.964
2023-11-27,denver,all,472,6629,499,42,17076.58,2999.03,243.9,186.5,0.9459
2023-11-28,denver,all,477,6868,502,37,18717.49,3184.53,233.3,168.8,0.9502
2023-11-29,denver,all,500,7040,523,44,17694.37,3074.72,289.3,218.5,0.956
2023-11-30,denver,all,562,7979,585,67,21379.42,3930.14,296.6,242.7,0.9607
2023-12-01,denver,all,599,8357,643,58,22044.33,3759.83,324.7,257.8,0.9316
2023-12-02,denver,all,680,9490,734,50,23341.17,4250.38,343.9,265.7,0.9264
2023-12-03,denver,all,656,8580,687,77,23601.87,4091.02,342.5,276.1,0.9549
2023-12-04,denver,all,510,7204,543,39,20315.09,3519.24,225.5,162.9,0.9392
2023-12-05,denver,all,504,7184,541,37,18486.35,3537.89,234.9,191.6,0.9316
2023-12-06,denver,all,508,7271,524,37,19647.33,3929.17,281.4,222.3,0.9695
2023-12-07,denver,all,551,7726,593,61,21254.52,3737.28,281.4,203.0,0.9292
2023-12-08,denver,all,614,8542,648,48,22208.82,3928.47,322.7,255.1,0.9475
2023-12-09,denver,all,683,9587,723,54,23649.33,4230.69,353.0,257.1,0.9447
2023-12-10,denver,all,710,9745,750,83,24757.09,4791.82,362.7,284.3,0.9467
2023-12-11,denver,all,484,6848,504,49,19207.82,3556.84,217.3,163.0,0.9603
2023-12-12,denver,all,516,7358,552,43,19236.85,3599.61,269.1,199.5,0.9348
2023-12-13,denver,all,541,7783,577,54,18281.71,3407.62,294.3,230.4,0.9376
2023-12-14,denver,all,594,8470,615,49,22894.44,4535.87,289.6,221.1,0.9659
2023-12-15,denver,all,618,8563,654,59,20823.09,3561.7,313.1,227.5,0.945
2023-12-16,denver,all,734,10201,791,64,26036.21,4549.5,352.5,282.8,0.9279
2023-12-17,denver,all,647,8832,695,65,24036.31,4361.71,312.6,233.4,0.9309
2023-12-18,denver,all,568,7692,603,61,23664.46,4369.43,302.2,236.3,0.942
2023-12-19,denver,all,533,7343,554,47,20525.62,3559.51,264.5,206.6,0.9621
2023-12-20,denver,all,526,7166,551,41,18992.59,3737.65,274.7,199.3,0.9546
2023-12-21,denver,all,554,7928,575,49,20527.02,3907.03,265.6,217.7,0.9635
2023-12-22,denver,all,695,9226,744,75,26897.52,5324.83,382.8,292.8,0.9341
2023-12-23,denver,all,724,9899,774,79,28692.44,5687.53,384.8,285.0,0.9354
2023-12-24,denver,all,640,8612,688,70,23386.79,4335.35,316.1,241.4,0.9302
2023-12-25,denver,all,526,7367,543,62,19249.26,3764.97,262.1,204.5,0.9687
2023-12-26,denver,all,521,7413,562,58,18476.96,3549.47,214.5,154.5,0.927
2023-12-27,denver,all,546,7605,589,65,20873.88,3774.32,244.5,183.4,0.927
2023-12-28,denver,all,560,7844,596,57,21782.91,4132.66,246.8,190.9,0.9396
2023-12-29,denver,all,654,9307,702,53,21852.39,4339.5,286.4,226.1,0.9316
2023-12-30,denver,all,684,9407,720,69,24805.88,4785.56,371.6,279.2,0.95
2023-12-31,denver,all,652,8793,682,52,22660.34,4334.52,324.0,246.4,0.956
2024-01-01,denver,all,510,7179,529,38,19012.38,3358.65,217.6,161.5,0.9641
2024-01-02,denver,all,514,7206,530,44,17840.84,3477.78,268.6,201.3,0.9698
2024-01-03,denver,all,497,7130,513,44,17175.2,3120.56,245.0,193.2,0.9688
2024-01-04,denver,all,557,7840,593,59,21766.73,4107.87,253.9,191.4,0.9393
2024-01-05,denver,all,641,8820,671,57,23520.63,4476.72,308.4,230.7,0.9553
2024-01-06,denver,all,681,9391,703,48,25121.53,4658.97,372.4,279.2,0.9687
2024-01-07,denver,all,577,8029,598,67,21809.8,3816.01,283.9,221.8,0.9649
2024-01-08,denver,all,535,7434,569,53,20755.87,3962.79,283.8,220.3,0.9402
2024-01-09,denver,all,497,6984,535,40,18004.12,3194.24,231.1,175.8,0.929
2024-01-10,denver,all,551,7754,579,46,19983.02,3556.2,266.9,209.0,0.9516
2024-01-11,denver,all,576,7823,616,44,20894.21,3631.49,305.2,239.4,0.9351
2024-01-12,denver,all,631,8582,681,73,24609.5,4641.31,300.5,216.8,0.9266
2024-01-13,denver,all,719,9633,766,59,26512.37,4600.48,353.3,266.4,0.9386
2024-01-14,denver,all,623,8501,664,73,22715.49,4096.89,317.4,236.3,0.9383
2024-01-15,denver,all,492,7009,522,41,18559.79,3650.44,254.6,204.4,0.9425
2024-01-16,denver,all,522,7540,563,57,21082.44,3870.57,232.0,173.4,0.9272
2024-01-17,denver,all,526,7399,550,37,19534.28,3845.03,285.5,214.6,0.9564
2024-01-18,denver,all,548,8186,586,52,20002.83,3696.15,299.3,231.6,0.9352
2024-01-19,denver,all,616,8403,647,54,25006.24,4385.22,308.7,239.2,0.9521
2024-01-20,denver,all,651,8877,676,56,25688.55,4951.92,315.0,252.3,0.963
2024-01-21,denver,all,618,8517,659,74,24220.61,4374.33,314.4,238.6,0.9378
2024-01-22,denver,all,506,7170,542,54,18253.31,3632.27,262.6,196.5,0.9336
2024-01-23,denver,all,515,7464,553,43,18483.51,3287.55,268.0,209.3,0.9313
2024-01-24,denver,all,575,7908,619,62,19323.92,3761.68,291.0,230.7,0.9289
2024-01-25,denver,all,571,8129,609,44,22146.29,4092.98,256.8,210.4,0.9376
2024-01-26,denver,all,694,9713,733,81,25776.86,5033.29,393.9,308.0,0.9468
2024-01-27,denver,all,762,10350,821,70,25655.29,4502.27,407.1,313.1,0.9281
2024-01-28,denver,all,602,8251,626,48,23612.5,4463.0,330.5,242.4,0.9617
2024-01-29,denver,all,515,7335,532,43,18733.59,3248.32,260.3,213.1,0.968
2024-01-30,denver,all,531,7580,558,41,19436.7,3773.94,296.4,233.7,0.9516
2024-01-31,denver,all,566,8002,599,66,19357.77,3427.67,297.4,219.0,0.9449
2024-02-01,denver,all,574,7907,611,49,21760.67,3978.44,299.8,229.6,0.9394
2024-02-02,denver,all,625,8496,669,48,23705.17,4496.38,323.4,251.0,0.9342
2024-02-03,denver,all,662,9087,683,73,24435.23,4504.55,335.2,248.6,0.9693
2024-02-04,denver,all,664,8958,711,54,24054.24,4651.29,326.9,259.3,0.9339
2024-02-05,denver,all,498,7036,528,37,20845.76,3974.14,244.9,192.3,0.9432
2024-02-06,denver,all,523,7341,564,54,18186.68,3162.89,269.5,200.3,0.9273
2024-02-07,denver,all,508,7162,532,36,18117.99,3500.47,258.0,211.3,0.9549
2024-02-08,denver,all,603,8433,640,67,23101.1,4220.67,284.8,232.1,0.9422
2024-02-09,denver,all,630,8725,673,62,22127.67,4158.51,315.5,235.5,0.9361
2024-02-10,denver,all,666,9351,703,55,23301.22,4112.6,328.1,250.7,0.9474
2024-02-11,denver,all,664,8949,689,62,25957.96,4742.33,361.0,292.2,0.9637
2024-02-12,denver,all,497,6823,513,41,18945.44,3685.17,250.6,190.6,0.9688
2024-02-13,denver,all,541,7816,560,52,20501.55,4054.96,293.4,239.3,0.9661
2024-02-14,denver,all,580,8177,612,57,21655.1,4291.19,271.4,200.8,0.9477
2024-02-15,denver,all,578,8254,614,63,20645.88,3943.42,279.6,221.6,0.9414
2024-02-16,denver,all,645,8694,683,60,23563.5,4061.58,361.0,281.6,0.9444
2024-02-17,denver,all,710,9704,757,78,26166.14,4795.7,331.6,250.2,0.9379
2024-02-18,denver,all,681,8767,703,50,26263.11,4616.85,396.5,313.9,0.9687
2024-02-19,denver,all,523,7447,542,61,19763.04,3773.33,301.6,217.9,0.9649
2024-02-20,denver,all,577,7922,616,46,20358.57,3559.52,308.0,228.9,0.9367
2024-02-21,denver,all,586,8022,626,66,22537.94,4492.43,307.4,229.4,0.9361
2024-02-22,denver,all,612,8560,652,58,20743.6,3647.47,277.2,202.8,0.9387
2024-02-23,denver,all,643,8817,686,48,23409.84,4016.69,298.0,215.6,0.9373
2024-02-24,denver,all,681,9333,734,60,23758.19,4640.13,326.7,246.8,0.9278
2024-02-25,denver,all,641,8803,690,74,22700.6,3996.85,315.6,234.1,0.929
2024-02-26,denver,all,527,7282,560,59,21377.33,3649.55,256.3,187.9,0.9411
2024-02-27,denver,all,504,7260,527,53,17276.74,3221.12,257.3,189.3,0.9564
2024-02-28,denver,all,543,7706,560,48,19268.08,3835.83,254.8,204.5,0.9696
2024-02-29,denver,all,596,8481,633,59,22614.77,4025.99,302.1,220.4,0.9415
2024-03-01,denver,all,648,9207,681,53,23412.56,4267.21,340.7,270.0,0.9515
2024-03-02,denver,all,721,9728,748,74,26884.49,4761.65,358.3,259.9,0.9639
2024-03-03,denver,all,610,8199,635,51,24183.25,4515.97,326.8,236.6,0.9606
2024-03-04,denver,all,544,7788,586,61,20786.82,3735.05,277.8,212.3,0.9283
2024-03-05,denver,all,498,6894,515,52,17994.2,3378.25,283.4,214.9,0.967
2024-03-06,denver,all,515,7517,551,46,18927.6,3489.13,219.4,169.9,0.9347
2024-03-07,denver,all,603,8522,648,62,22902.92,4531.74,302.0,238.7,0.9306
2024-03-08,denver,all,634,8724,675,55,24202.78,4600.96,320.6,240.8,0.9393
2024-03-09,denver,all,686,9398,709,53,25408.34,4839.73,364.0,269.2,0.9676
2024-03-10,denver,all,612,8385,656,50,23052.28,4255.31,254.8,204.4,0.9329
2024-03-11,denver,all,515,7297,547,43,19399.5,3474.34,259.4,191.1,0.9415
2024-03-12,denver,all,537,7654,561,44,19777.38,3548.44,263.7,210.9,0.9572
2024-03-13,denver,all,535,7581,568,56,19195.97,3553.55,260.9,203.2,0.9419
2024-03-14,denver,all,608,8365,630,65,23331.27,4100.64,323.8,242.5,0.9651
2024-03-15,denver,all,593,8241,632,55,22261.11,3872.83,327.9,246.4,0.9383
2024-03-16,denver,all,766,10055,824,91,25393.04,4600.48,418.0,316.5,0.9296
2024-03-17,denver,all,630,8760,665,72,22347.49,3886.55,328.1,255.6,0.9474
2024-03-18,denver,all,531,7479,572,39,19174.81,3392.46,287.7,235.3,0.9283
2024-03-19,denver,all,532,7437,560,49,19486.05,3625.39,288.1,216.6,0.95
2024-03-20,denver,all,559,7948,600,65,21928.06,4247.53,265.7,216.3,0.9317
2024-03-21,denver,all,604,8310,645,49,25926.28,4582.29,321.0,237.7,0.9364
2024-03-22,denver,all,645,8756,667,57,20931.01,4055.38,327.2,239.3,0.967
2024-03-23,denver,all,741,10218,797,87,27834.3,4744.81,385.3,297.9,0.9297
2024-03-24,denver,all,741,9896,797,81,27512.39,5500.02,381.0,311.5,0.9297
2024-03-25,denver,all,535,7727,560,60,19616.36,3639.0,245.3,188.5,0.9554
2024-03-26,denver,all,529,7561,566,60,20104.35,3704.76,252.7,202.2,0.9346
2024-03-27,denver,all,538,7525,560,42,20055.08,3800.77,259.3,198.9,0.9607
2024-03-28,denver,all,583,8114,601,61,21181.18,3902.74,305.6,246.0,0.97
2024-03-29,denver,all,661,9012,688,73,24492.76,4463.58,353.7,283.4,0.9608
2024-03-30,denver,all,713,9807,752,58,27115.14,4911.35,378.6,298.6,0.9481
2024-03-31,denver,all,653,9003,674,47,24718.48,4927.26,285.2,222.9,0.9688
2023-01-01,boston,all,703,9249,748,54,27623.1,4772.71,373.2,282.2,0.9398
2023-01-02,boston,all,536,7614,558,48,22366.25,3962.8,261.9,206.9,0.9606
2023-01-03,boston,all,525,7271,544,62,20177.1,3716.14,283.7,230.0,0.9651
2023-01-04,boston,all,586,8094,614,62,24261.18,4740.87,286.3,206.5,0.9544
2023-01-05,boston,all,624,8658,647,63,25294.45,4879.34,282.3,208.0,0.9645
2023-01-06,boston,all,694,9153,735,62,27482.8,4804.05,340.5,269.2,0.9442
2023-01-07,boston,all,733,10156,784,62,31310.47,5389.91,371.8,288.8,0.9349
2023-01-08,boston,all,740,9837,787,87,29097.03,5143.34,383.1,288.1,0.9403
2023-01-09,boston,all,568,8070,603,52,22413.11,4383.33,254.3,199.7,0.942
2023-01-10,boston,all,540,7550,568,57,21371.97,3963.98,245.9,198.4,0.9507
2023-01-11,boston,all,585,8323,608,65,23494.21,4562.74,277.5,207.0,0.9622
2023-01-12,boston,all,615,8574,653,63,25543.36,4625.58,323.5,248.6,0.9418
2023-01-13,boston,all,703,9556,739,57,26049.59,4889.85,392.8,283.6,0.9513
2023-01-14,boston,all,854,11112,893,72,35642.62,6695.18,381.8,311.0,0.9563
2023-01-15,boston,all,678,9075,721,48,27212.34,5137.74,364.2,291.4,0.9404
2023-01-16,boston,all,544,7461,571,64,22362.79,4117.09,286.0,220.4,0.9527
2023-01-17,boston,all,545,7721,566,61,24407.12,4324.38,291.2,238.6,0.9629
2023-01-18,boston,all,609,8310,642,55,23736.8,4340.38,276.9,205.5,0.9486
2023-01-19,boston,all,618,8287,645,71,23206.31,4623.69,304.4,241.8,0.9581
2023-01-20,boston,all,691,9131,737,54,27907.83,4972.15,294.3,234.5,0.9376
2023-01-21,boston,all,786,10855,811,57,31993.61,6134.61,425.8,342.0,0.9692
2023-01-22,boston,all,763,10349,818,59,31850.08,6317.2,339.7,267.9,0.9328
2023-01-23,boston,all,562,7766,592,64,21874.86,4090.33,246.1,181.9,0.9493
2023-01-24,boston,all,525,7359,541,41,20128.39,3717.31,250.3,182.5,0.9704
2023-01-25,boston,all,648,8540,672,48,23933.27,4155.42,347.2,256.2,0.9643
2023-01-26,boston,all,622,8692,670,49,23178.84,4464.2,299.4,241.3,0.9284
2023-01-27,boston,all,714,9603,755,65,27966.01,5518.94,338.3,257.2,0.9457
2023-01-28,boston,all,744,10123,795,71,29586.52,5900.16,393.4,304.7,0.9358
2023-01-29,boston,all,676,9050,726,55,29832.06,5251.93,369.0,266.6,0.9311
2023-01-30,boston,all,570,7682,596,63,20870.46,4124.04,319.1,245.4,0.9564
2023-01-31,boston,all,572,7900,605,67,23263.7,4213.24,290.8,221.3,0.9455
2023-02-01,boston,all,556,7732,591,47,21432.76,4041.67,241.3,186.6,0.9408
2023-02-02,boston,all,628,8894,673,73,25399.92,4488.41,272.3,206.3,0.9331
2023-02-03,boston,all,710,9317,746,79,27614.41,4900.22,314.6,228.9,0.9517
2023-02-04,boston,all,737,9934,794,84,31006.16,5846.79,367.0,265.9,0.9282
2023-02-05,boston,all,737,9942,781,54,30997.03,5720.35,370.2,301.7,0.9437
2023-02-06,boston,all,548,7958,588,61,21796.04,4335.93,261.4,204.0,0.932
2023-02-07,boston,all,581,8061,601,58,24912.25,4432.73,289.2,226.8,0.9667
2023-02-08,boston,all,591,8247,622,43,24538.45,4817.91,306.2,248.5,0.9502
2023-02-09,boston,all,573,8235,595,62,24515.87,4506.37,271.6,210.5,0.963
2023-02-10,boston,all,675,8894,726,55,26941.76,4688.85,383.9,300.0,0.9298
2023-02-11,boston,all,713,9683,743,78,29877.27,5293.47,347.0,268.0,0.9596
2023-02-12,boston,all,754,9758,803,76,29001.46,5587.74,380.0,280.3,0.939
2023-02-13,boston,all,575,7743,594,54,21999.89,4285.56,285.3,214.3,0.968
2023-02-14,boston,all,584,8210,607,42,25906.04,4434.77,311.1,251.5,0.9621
2023-02-15,boston,all,629,8478,658,72,23793.97,4337.66,334.4,255.6,0.9559
2023-02-16,boston,all,594,7969,635,46,23241.91,4295.69,291.1,215.5,0.9354
2023-02-17,boston,all,650,8831,678,72,23532.59,4434.74,288.8,231.8,0.9587
2023-02-18,boston,all,762,10456,816,80,29190.9,5532.22,404.1,294.5,0.9338
2023-02-19,boston,all,703,9874,752,52,26722.1,5208.59,351.7,275.7,0.9348
2023-02-20,boston,all,552,7586,596,54,21340.0,3802.82,271.1,214.2,0.9262
2023-02-21,boston,all,594,8391,632,70,24116.26,4180.74,303.8,228.0,0.9399
2023-02-22,boston,all,616,8459,654,72,25306.56,4443.7,328.5,242.0,0.9419
2023-02-23,boston,all,628,8803,666,49,23855.45,4725.89,351.4,268.8,0.9429
2023-02-24,boston,all,642,8767,665,50,24666.07,4597.77,324.7,258.3,0.9654
2023-02-25,boston,all,759,10319,801,59,32004.77,5651.17,406.6,328.8,0.9476
2023-02-26,boston,all,684,9441,734,74,29692.84,5747.82,317.3,254.3,0.9319
2023-02-27,boston,all,548,7682,565,43,23296.48,4370.66,266.9,195.1,0.9699
2023-02-28,boston,all,595,8366,617,44,21840.87,3953.63,307.7,228.4,0.9643
2023-03-01,boston,all,595,8238,631,53,25215.39,4300.46,296.2,231.5,0.9429
2023-03-02,boston,all,678,9374,727,80,29633.6,5733.62,364.0,287.9,0.9326
2023-03-03,boston,all,685,9413,716,59,25076.55,4802.74,353.1,254.5,0.9567
2023-03-04,boston,all,780,10261,837,83,32889.01,5849.74,382.6,280.9,0.9319
2023-03-05,boston,all,745,10048,780,58,30135.57,5363.19,336.6,245.5,0.9551
2023-03-06,boston,all,625,8404,658,63,24591.08,4380.77,318.9,240.5,0.9498
2023-03-07,boston,all,591,8140,637,59,23765.51,4518.12,281.3,221.7,0.9278
2023-03-08,boston,all,604,8353,635,70,24695.46,4416.17,298.5,243.1,0.9512
2023-03-09,boston,all,613,8578,650,65,25939.2,4651.18,289.4,211.0,0.9431
2023-03-10,boston,all,664,8817,715,50,28028.79,5081.58,328.8,253.4,0.9287
2023-03-11,boston,all,695,9335,725,63,25705.37,5125.81,287.5,217.7,0.9586
2023-03-12,boston,all,753,9951,779,53,29143.1,5356.59,376.2,285.8,0.9666
2023-03-13,boston,all,574,7700,619,47,23067.41,4182.61,285.0,207.1,0.9273
2023-03-14,boston,all,556,7810,588,66,23988.31,4416.26,245.0,183.5,0.9456
2023-03-15,boston,all,627,8571,676,58,21659.73,4149.49,312.4,232.8,0.9275
2023-03-16,boston,all,625,8556,671,71,24236.46,4762.72,346.0,274.0,0.9314
2023-03-17,boston,all,777,10347,823,55,28705.66,5733.21,369.0,289.4,0.9441
2023-03-18,boston,all,771,10447,812,88,28728.42,5302.75,414.9,325.1,0.9495
2023-03-19,boston,all,696,9428,734,80,29212.14,5369.32,387.5,299.1,0.9482
2023-03-20,boston,all,538,7542,559,55,20947.69,3768.69,271.7,204.9,0.9624
2023-03-21,boston,all,599,8394,631,45,21164.23,4092.59,311.1,231.6,0.9493
2023-03-22,boston,all,606,8530,649,69,24047.97,4561.12,286.8,206.8,0.9337
2023-03-23,boston,all,631,8758,681,73,27809.25,5030.72,317.8,233.5,0.9266
2023-03-24,boston,all,651,8881,702,52,23687.69,4395.4,330.9,245.5,0.9274
2023-03-25,boston,all,827,11015,892,97,33961.48,5983.15,416.0,340.1,0.9271
2023-03-26,boston,all,698,9369,720,80,30108.51,5745.3,346.7,283.3,0.9694
2023-03-27,boston,all,613,8454,647,49,24459.41,4343.1,317.8,253.2,0.9474
2023-03-28,boston,all,568,7905,591,51,24910.21,4495.95,277.8,217.0,0.9611
2023-03-29,boston,all,607,8396,644,53,23478.99,4039.41,285.0,224.3,0.9425
2023-03-30,boston,all,644,8964,694,61,27622.37,4878.0,325.5,253.9,0.928
2023-03-31,boston,all,739,9777,794,85,31348.29,5512.49,378.3,296.8,0.9307
2023-04-01,boston,all,748,10145,803,85,29871.33,5737.06,385.7,286.2,0.9315
2023-04-02,boston,all,758,10114,795,60,28065.4,5355.83,378.8,309.7,0.9535
2023-04-03,boston,all,561,7981,592,55,21316.06,3967.86,282.2,224.5,0.9476
2023-04-04,boston,all,697,9522,728,67,24612.2,4469.86,343.1,255.1,0.9574
2023-04-05,boston,all,567,7939,600,52,23353.77,4593.28,250.4,193.1,0.945
2023-04-06,boston,all,599,8446,626,63,24528.21,4820.35,300.5,240.1,0.9569
2023-04-07,boston,all,733,10085,785,75,29436.13,5536.5,399.0,323.6,0.9338
2023-04-08,boston,all,758,10445,798,63,30133.97,5717.57,373.8,283.5,0.9499
2023-04-09,boston,all,718,9747,765,63,30669.5,5946.62,378.6,290.9,0.9386
2023-04-10,boston,all,563,7566,604,64,22855.32,4380.98,273.1,205.1,0.9321
2023-04-11,boston,all,574,8048,600,50,22323.27,3945.57,303.4,229.9,0.9567
2023-04-12,boston,all,589,8540,625,54,23733.43,4393.08,319.5,237.3,0.9424
2023-04-13,boston,all,624,8584,669,74,27515.29,4802.97,280.4,202.7,0.9327
2023-04-14,boston,all,718,9869,774,81,29613.43,5753.34,305.6,232.8,0.9276
2023-04-15,boston,all,753,9965,782,79,29532.78,5599.63,388.1,297.7,0.9629
2023-04-16,boston,all,724,9820,770,62,28895.6,5760.99,363.9,290.4,0.9403
2023-04-17,boston,all,615,8563,647,62,25169.96,4381.97,297.4,229.7,0.9505
2023-04-18,boston,all,576,7789,602,59,22554.91,4179.52,284.9,214.4,0.9568
2023-04-19,boston,all,569,7783,591,52,22180.14,4252.38,303.6,232.7,0.9628
2023-04-20,boston,all,661,9387,700,47,26425.03,5179.84,291.4,233.0,0.9443
2023-04-21,boston,all,663,9110,694,59,28534.31,5581.37,354.8,272.5,0.9553
2023-04-22,boston,all,771,10744,820,74,32059.69,5644.43,352.8,273.6,0.9402
2023-04-23,boston,all,764,9767,798,90,29934.24,5970.97,411.9,303.7,0.9574
2023-04-24,boston,all,572,8056,589,61,23874.15,4761.47,299.7,216.0,0.9711
2023-04-25,boston,all,628,8502,671,47,25130.77,5002.83,309.2,251.4,0.9359
2023-04-26,boston,all,616,8619,639,52,25064.53,4722.37,325.3,242.9,0.964
2023-04-27,boston,all,627,8869,654,60,25398.04,4951.55,304.8,230.1,0.9587
2023-04-28,boston,all,655,8797,682,61,23435.56,4037.5,291.4,213.2,0.9604
2023-04-29,boston,all,835,11293,874,59,28310.78,5029.8,445.2,343.4,0.9554
2023-04-30,boston,all,700,9264,738,82,28317.27,4892.09,362.9,288.0,0.9485
2023-05-01,boston,all,595,8101,637,69,22785.1,4219.04,274.1,216.2,0.9341
2023-05-02,boston,all,597,8363,634,69,21922.72,4361.35,307.3,247.5,0.9416
2023-05-03,boston,all,623,8881,646,57,23895.78,4527.66,323.7,242.3,0.9644
2023-05-04,boston,all,632,8968,657,71,26448.75,4862.27,332.7,250.0,0.9619
2023-05-05,boston,all,664,9348,712,70,27035.19,5239.02,333.5,272.3,0.9326
2023-05-06,boston,all,861,11642,898,82,35768.97,6671.27,453.5,347.2,0.9588
2023-05-07,boston,all,756,10165,787,56,30925.08,5681.85,378.9,304.4,0.9606
2023-05-08,boston,all,572,8107,589,45,21828.86,4123.03,307.2,240.0,0.9711
2023-05-09,boston,all,599,8506,640,49,24890.3,4613.52,341.7,252.2,0.9359
2023-05-10,boston,all,639,8851,682,73,26308.58,4978.8,341.9,278.9,0.937
2023-05-11,boston,all,618,8671,647,64,24574.79,4769.45,332.5,250.2,0.9552
2023-05-12,boston,all,671,9056,691,80,26918.96,4949.66,358.9,281.4,0.9711
2023-05-13,boston,all,829,11227,886,82,34473.91,6289.79,426.5,317.9,0.9357
2023-05-14,boston,all,741,9907,767,55,28529.32,5328.13,394.0,306.4,0.9661
2023-05-15,boston,all,560,7847,590,53,23618.43,4656.2,293.1,226.9,0.9492
2023-05-16,boston,all,576,8059,617,44,23690.99,4328.09,294.3,219.6,0.9335
2023-05-17,boston,all,583,8389,608,67,23322.63,4558.0,306.5,251.0,0.9589
2023-05-18,boston,all,648,8976,680,54,27904.48,5260.41,325.3,238.8,0.9529
2023-05-19,boston,all,731,9803,777,58,27347.69,4659.28,353.9,270.5,0.9408
2023-05-20,boston,all,739,9970,786,71,28879.85,5322.15,351.7,254.3,0.9402
2023-05-21,boston,all,786,10171,828,87,30367.5,5354.28,402.5,317.3,0.9493
2023-05-22,boston,all,608,8392,639,58,24755.44,4320.1,288.2,220.8,0.9515
2023-05-23,boston,all,636,8842,668,46,26944.03,4769.99,322.8,250.5,0.9521
2023-05-24,boston,all,574,7877,605,62,21831.49,4177.95,278.2,219.7,0.9488
2023-05-25,boston,all,664,8828,695,48,30949.7,5843.97,348.1,277.2,0.9554
2023-05-26,boston,all,695,9290,725,70,26878.77,5002.29,346.9,283.3,0.9586
2023-05-27,boston,all,756,10633,791,76,30785.35,5690.92,393.7,317.5,0.9558
2023-05-28,boston,all,756,10076,797,61,30244.06,5494.6,360.3,271.1,0.9486
2023-05-29,boston,all,599,8450,628,55,24015.3,4721.34,304.6,241.5,0.9538
2023-05-30,boston,all,564,8121,597,40,21666.16,4289.33,302.3,220.0,0.9447
2023-05-31,boston,all,642,8594,682,54,27050.73,5218.98,299.0,219.4,0.9413
2023-06-01,boston,all,611,8218,660,62,23396.51,4179.71,357.5,273.8,0.9258
2023-06-02,boston,all,687,9404,729,58,25049.49,4945.17,398.0,304.9,0.9424
2023-06-03,boston,all,805,11012,859,58,30393.58,5913.8,383.5,295.5,0.9371
2023-06-04,boston,all,706,9463,731,73,30280.79,5260.4,304.3,233.6,0.9658
2023-06-05,boston,all,592,8352,632,63,25160.56,4535.2,292.3,229.2,0.9367
2023-06-06,boston,all,633,8796,668,72,22778.84,4096.28,333.3,271.8,0.9476
2023-06-07,boston,all,631,8858,677,72,26266.93,5040.66,358.9,264.6,0.9321
2023-06-08,boston,all,662,9235,714,63,23855.92,4430.45,341.8,258.3,0.9272
2023-06-09,boston,all,685,9471,713,62,27362.7,4870.74,385.8,280.6,0.9607
2023-06-10,boston,all,826,10925,889,82,31044.79,5492.56,451.4,334.0,0.9291
2023-06-11,boston,all,786,10311,836,86,32840.31,6033.59,378.8,310.1,0.9402
2023-06-12,boston,all,536,7431,572,50,22034.6,4186.1,249.7,180.8,0.9371
2023-06-13,boston,all,637,8834,671,76,26727.98,4951.67,293.9,217.9,0.9493
2023-06-14,boston,all,623,8522,653,63,24552.13,4366.13,320.6,244.5,0.9541
2023-06-15,boston,all,670,9273,717,57,26543.62,5006.11,301.9,226.2,0.9344
2023-06-16,boston,all,773,10043,797,85,28602.17,5719.5,397.1,307.6,0.9699
2023-06-17,boston,all,786,10849,831,61,29820.08,5227.46,412.9,338.2,0.9458
2023-06-18,boston,all,695,9183,718,81,29118.46,5411.72,285.4,225.6,0.968
2023-06-19,boston,all,582,8078,607,51,23707.5,4297.45,304.6,231.7,0.9588
2023-06-20,boston,all,592,8389,631,62,23803.53,4202.57,318.8,251.3,0.9382
2023-06-21,boston,all,584,7739,624,59,24834.15,4874.07,269.5,217.5,0.9359
2023-06-22,boston,all,646,8534,694,48,24160.22,4801.44,282.2,209.6,0.9308
2023-06-23,boston,all,760,10263,810,81,31494.62,5684.96,387.8,307.0,0.9383
2023-06-24,boston,all,843,11229,897,72,31731.94,5725.04,463.6,362.3,0.9398
2023-06-25,boston,all,752,10208,810,67,32302.72,5580.39,389.2,308.8,0.9284
2023-06-26,boston,all,587,8185,620,44,24119.21,4547.26,261.5,190.5,0.9468
2023-06-27,boston,all,591,8374,628,65,24780.04,4232.34,290.0,230.1,0.9411
2023-06-28,boston,all,556,7904,597,63,21459.77,3967.62,299.5,239.2,0.9313
2023-06-29,boston,all,685,9142,732,53,30389.47,5305.53,347.5,274.1,0.9358
2023-06-30,boston,all,695,9346,743,77,30578.0,5815.0,378.8,280.2,0.9354
2023-07-01,boston,all,808,10848,854,93,33015.49,6532.69,394.5,290.4,0.9461
2023-07-02,boston,all,718,9814,758,54,30407.68,5250.3,367.7,291.9,0.9472
2023-07-03,boston,all,600,8279,637,72,23637.74,4569.94,318.7,250.1,0.9419
2023-07-04,boston,all,600,8572,639,42,22477.82,4381.31,268.1,219.4,0.939
2023-07-05,boston,all,611,8596,646,69,25412.46,4454.45,305.9,234.2,0.9458
2023-07-06,boston,all,669,9492,695,66,25529.96,5046.74,331.8,246.5,0.9626
2023-07-07,boston,all,727,9527,758,86,30985.06,5844.64,348.2,277.5,0.9591
2023-07-08,boston,all,767,10661,809,67,32287.41,6007.01,395.8,314.6,0.9481
2023-07-09,boston,all,706,9713,734,62,28572.13,5432.77,310.1,239.5,0.9619
2023-07-10,boston,all,570,8236,599,64,23004.4,4109.58,257.3,204.5,0.9516
2023-07-11,boston,all,615,8665,638,65,25816.82,4408.54,278.0,208.8,0.9639
2023-07-12,boston,all,651,9094,675,65,26397.48,4837.64,337.5,250.3,0.9644
2023-07-13,boston,all,694,9428,744,71,27198.61,5230.3,391.1,286.5,0.9328
2023-07-14,boston,all,651,8787,688,68,24068.11,4754.88,337.6,252.9,0.9462
2023-07-15,boston,all,773,10476,826,56,32402.46,5926.51,412.5,324.0,0.9358
2023-07-16,boston,all,817,10920,842,62,33278.76,5920.61,458.2,341.7,0.9703
2023-07-17,boston,all,577,8056,603,46,26260.03,4567.64,290.7,235.0,0.9569
2023-07-18,boston,all,597,7886,615,47,23765.48,4707.11,262.8,195.8,0.9707
2023-07-19,boston,all,617,8650,636,69,25052.71,4432.53,313.1,246.9,0.9701
2023-07-20,boston,all,692,9511,714,62,28130.5,5551.05,336.9,260.3,0.9692
2023-07-21,boston,all,746,9868,788,70,30810.93,5407.71,364.7,270.3,0.9467
2023-07-22,boston,all,781,10631,808,58,29729.74,5070.23,421.0,326.5,0.9666
2023-07-23,boston,all,730,9785,781,83,29087.27,5140.49,385.5,314.4,0.9347
2023-07-24,boston,all,605,8461,639,43,25201.47,4656.82,348.3,283.7,0.9468
2023-07-25,boston,all,607,8365,633,45,23876.03,4308.7,277.6,208.0,0.9589
2023-07-26,boston,all,590,8160,632,65,24532.42,4838.57,315.7,244.2,0.9335
2023-07-27,boston,all,669,9290,706,51,26889.41,5010.91,341.5,251.0,0.9476
2023-07-28,boston,all,692,9524,725,76,28236.19,4899.91,349.9,268.3,0.9545
2023-07-29,boston,all,877,11360,928,77,37099.09,7002.82,416.7,313.4,0.945
2023-07-30,boston,all,802,10658,853,87,31715.32,5761.67,416.3,338.4,0.9402
2023-07-31,boston,all,581,8310,615,42,21552.95,4103.0,317.4,248.6,0.9447
2023-08-01,boston,all,600,8376,646,52,23680.39,4584.18,297.3,219.6,0.9288
2023-08-02,boston,all,648,9264,679,61,24850.08,4959.24,308.3,252.6,0.9543
2023-08-03,boston,all,687,9374,722,70,24559.24,4599.93,354.6,279.9,0.9515
2023-08-04,boston,all,785,10549,842,88,31232.51,5653.16,394.7,289.5,0.9323
2023-08-05,boston,all,873,11734,927,72,35267.51,6454.24,436.1,348.9,0.9417
2023-08-06,boston,all,716,9795,772,74,30101.73,5480.88,375.9,291.6,0.9275
2023-08-07,boston,all,623,8684,666,48,23500.42,4312.71,315.2,239.6,0.9354
2023-08-08,boston,all,675,9199,713,74,27119.51,4634.77,353.1,261.2,0.9467
2023-08-09,boston,all,662,8977,703,77,27973.59,4963.07,369.5,276.3,0.9417
2023-08-10,boston,all,676,9210,710,49,26263.08,5242.97,375.0,276.3,0.9521
2023-08-11,boston,all,727,10087,753,54,29859.67,5907.45,321.2,257.1,0.9655
2023-08-12,boston,all,809,10915,850,88,34945.11,5991.29,424.9,317.5,0.9518
2023-08-13,boston,all,746,9976,779,85,27061.28,5395.68,336.6,258.2,0.9576
2023-08-14,boston,all,588,8258,626,60,23840.64,4619.33,331.3,270.6,0.9393
2023-08-15,boston,all,571,8182,607,53,24168.02,4110.56,326.6,267.6,0.9407
2023-08-16,boston,all,611,8682,658,66,24011.43,4739.95,262.9,210.1,0.9286
2023-08-17,boston,all,691,9285,714,59,29556.5,5876.16,328.7,262.9,0.9678
2023-08-18,boston,all,685,9437,722,82,28268.88,5338.94,316.5,257.8,0.9488
2023-08-19,boston,all,863,11589,906,97,37573.91,7276.18,461.9,369.4,0.9525
2023-08-20,boston,all,732,9866,773,84,30132.73,5423.17,376.2,287.8,0.947
2023-08-21,boston,all,622,8645,644,70,27184.56,5088.12,343.9,249.7,0.9658
2023-08-22,boston,all,594,8277,626,69,24116.4,4629.06,274.3,203.2,0.9489
2023-08-23,boston,all,624,8505,663,46,23252.99,4344.54,282.4,215.9,0.9412
2023-08-24,boston,all,641,8870,670,74,24831.06,4448.19,283.0,211.3,0.9567
2023-08-25,boston,all,733,9977,779,60,30812.92,5838.31,390.3,293.9,0.9409
2023-08-26,boston,all,831,11153,867,73,34899.82,6810.79,375.9,272.9,0.9585
2023-08-27,boston,all,761,10494,798,67,29967.26,5846.02,412.6,319.9,0.9536
2023-08-28,boston,all,612,8391,658,50,26688.46,4642.86,324.4,245.0,0.9301
2023-08-29,boston,all,671,9420,692,62,26364.98,4834.35,340.0,253.6,0.9697
2023-08-30,boston,all,622,8720,649,59,25454.7,4356.88,294.0,229.6,0.9584
2023-08-31,boston,all,647,8866,697,50,26441.96,4997.08,324.7,242.8,0.9283
2023-09-01,boston,all,689,9342,715,61,25726.61,4560.42,335.4,257.5,0.9636
2023-09-02,boston,all,820,11100,861,72,32618.79,6455.61,419.9,312.7,0.9524
2023-09-03,boston,all,754,9901,794,78,33749.54,6363.4,383.8,302.5,0.9496
2023-09-04,boston,all,622,8788,661,62,23732.7,4319.79,292.2,235.3,0.941
2023-09-05,boston,all,641,8788,680,68,26441.45,5075.27,349.8,254.7,0.9426
2023-09-06,boston,all,665,9043,706,73,25064.67,4416.94,315.7,253.2,0.9419
2023-09-07,boston,all,654,8856,704,68,24940.04,4308.22,318.3,256.3,0.929
2023-09-08,boston,all,795,10236,834,65,29551.28,5101.18,425.9,347.7,0.9532
2023-09-09,boston,all,853,11619,899,81,35725.47,6697.96,406.0,325.9,0.9488
2023-09-10,boston,all,737,10076,795,69,28195.57,5545.11,337.2,261.4,0.927
2023-09-11,boston,all,621,8465,644,46,26414.23,4666.94,344.8,250.7,0.9643
2023-09-12,boston,all,660,8969,711,76,25698.66,4954.74,316.9,230.5,0.9283
2023-09-13,boston,all,612,8605,659,46,24636.67,4216.04,346.2,256.1,0.9287
2023-09-14,boston,all,677,9292,730,80,27637.01,4991.25,285.4,218.2,0.9274
2023-09-15,boston,all,850,10835,878,61,31251.31,5925.61,386.8,315.5,0.9681
2023-09-16,boston,all,883,11848,935,94,35679.64,6949.95,439.3,324.0,0.9444
2023-09-17,boston,all,780,10288,836,66,31745.84,6295.07,417.3,322.9,0.933
2023-09-18,boston,all,639,8576,668,74,27016.94,5105.58,347.5,284.9,0.9566
2023-09-19,boston,all,640,8434,678,71,24371.84,4481.5,319.9,230.8,0.944
2023-09-20,boston,all,621,8552,648,44,23825.26,4093.63,256.4,185.8,0.9583
2023-09-21,boston,all,659,8898,683,47,27229.28,4854.15,381.5,285.0,0.9649
2023-09-22,boston,all,738,10085,792,74,31604.69,6248.04,370.3,275.0,0.9318
2023-09-23,boston,all,853,11457,920,66,33109.19,6207.54,436.8,336.3,0.9272
2023-09-24,boston,all,755,10246,780,53,28334.84,5108.21,316.7,241.3,0.9679
2023-09-25,boston,all,571,8217,592,68,22478.3,3989.1,260.2,202.5,0.9645
2023-09-26,boston,all,619,8855,656,63,23505.51,4076.08,296.1,217.5,0.9436
2023-09-27,boston,all,683,9379,706,48,27863.37,5365.04,330.0,260.2,0.9674
2023-09-28,boston,all,720,9878,764,68,27245.04,4968.71,335.7,248.9,0.9424
2023-09-29,boston,all,730,10026,778,57,30620.44,6065.8,345.9,264.7,0.9383
2023-09-30,boston,all,943,12287,991,104,38121.0,7000.23,516.4,373.5,0.9516
2023-10-01,boston,all,815,11205,870,58,34236.68,6660.79,398.7,318.9,0.9368
2023-10-02,boston,all,602,8298,623,53,21162.34,3680.28,303.3,237.4,0.9663
2023-10-03,boston,all,622,8683,650,51,22692.86,3960.52,323.8,239.9,0.9569
2023-10-04,boston,all,646,8933,691,77,27510.13,4902.2,312.4,243.7,0.9349
2023-10-05,boston,all,684,9306,708,51,26375.7,4635.19,328.8,251.1,0.9661
2023-10-06,boston,all,792,10483,827,84,29357.25,5850.97,359.4,288.5,0.9577
2023-10-07,boston,all,867,11489,920,81,34328.52,6668.12,399.0,326.5,0.9424
2023-10-08,boston,all,792,10521,826,88,32063.88,5786.0,369.6,270.7,0.9588
2023-10-09,boston,all,593,8420,625,48,23532.59,4367.52,280.9,216.0,0.9488
2023-10-10,boston,all,625,8461,670,70,25585.02,4758.75,287.1,214.1,0.9328
2023-10-11,boston,all,565,7994,590,66,22975.73,4324.41,289.8,230.4,0.9576
2023-10-12,boston,all,740,10272,778,60,30014.62,5195.79,359.4,260.0,0.9512
2023-10-13,boston,all,791,10701,815,65,33773.12,6095.01,376.7,291.7,0.9706
2023-10-14,boston,all,872,11640,929,103,34855.27,6015.25,421.6,339.7,0.9386
2023-10-15,boston,all,786,10669,824,72,31371.49,6198.13,377.0,286.1,0.9539
2023-10-16,boston,all,549,7625,589,61,22841.49,4159.52,306.9,246.7,0.9321
2023-10-17,boston,all,640,8589,662,72,26307.4,5046.04,302.2,222.0,0.9668
2023-10-18,boston,all,617,8768,660,53,23565.87,4657.2,297.4,241.4,0.9348
2023-10-19,boston,all,667,9235,714,53,26557.12,4761.24,337.9,270.0,0.9342
2023-10-20,boston,all,685,9417,732,61,28000.37,4833.86,304.0,230.8,0.9358
2023-10-21,boston,all,839,11128,895,84,32575.3,5866.37,378.3,277.3,0.9374
2023-10-22,boston,all,785,10713,818,74,30553.49,5809.12,405.9,313.4,0.9597
2023-10-23,boston,all,636,8807,668,68,23670.06,4378.82,343.6,270.4,0.9521
2023-10-24,boston,all,647,9203,679,63,22149.68,3815.25,351.1,257.3,0.9529
2023-10-25,boston,all,725,9784,755,80,28457.59,4897.72,311.9,253.7,0.9603
2023-10-26,boston,all,707,9774,746,53,28459.98,5435.48,362.2,288.4,0.9477
2023-10-27,boston,all,743,9953,791,68,28092.21,5396.41,372.8,303.9,0.9393
2023-10-28,boston,all,928,12276,978,66,39677.33,6875.5,463.8,347.8,0.9489
2023-10-29,boston,all,714,9838,770,54,27065.31,5246.38,333.4,254.5,0.9273
2023-10-30,boston,all,545,7647,581,47,22794.66,4111.4,251.8,187.3,0.938
2023-10-31,boston,all,619,8543,651,71,25278.31,4349.04,334.9,250.3,0.9508
2023-11-01,boston,all,630,9047,662,56,27942.18,5030.03,345.8,254.0,0.9517
2023-11-02,boston,all,673,9645,713,56,27646.62,5305.78,311.7,228.3,0.9439
2023-11-03,boston,all,718,9811,755,74,26643.15,5053.5,332.6,261.8,0.951
2023-11-04,boston,all,826,11356,860,87,34781.81,6415.3,408.0,300.2,0.9605
2023-11-05,boston,all,725,9808,766,68,31461.49,5612.4,386.9,283.7,0.9465
2023-11-06,boston,all,584,7998,621,49,21290.06,3886.24,325.9,252.1,0.9404
2023-11-07,boston,all,685,9352,718,58,28275.61,5130.56,327.8,259.1,0.954
2023-11-08,boston,all,666,8900,695,53,27785.94,5048.72,326.4,260.4,0.9583
2023-11-09,boston,all,723,10017,753,64,28612.25,5284.42,344.6,268.1,0.9602
2023-11-10,boston,all,748,10017,784,59,26296.76,4829.62,359.0,265.7,0.9541
2023-11-11,boston,all,891,11977,929,91,35112.6,6077.08,454.1,353.0,0.9591
2023-11-12,boston,all,806,10764,861,92,31303.32,5594.06,399.0,312.2,0.9361
2023-11-13,boston,all,637,8754,676,53,27428.93,4769.16,336.3,250.8,0.9423
2023-11-14,boston,all,644,8751,673,53,25645.89,4823.04,285.9,210.0,0.9569
2023-11-15,boston,all,690,9382,745,79,27031.01,4938.15,339.6,275.9,0.9262
2023-11-16,boston,all,722,9889,767,71,28033.08,5330.71,408.8,298.3,0.9413
2023-11-17,boston,all,780,10175,809,83,31708.17,5473.72,385.8,288.5,0.9642
2023-11-18,boston,all,860,11552,921,98,34497.81,6221.59,447.5,332.6,0.9338
2023-11-19,boston,all,774,10527,826,80,29737.17,5216.21,384.8,311.4,0.937
2023-11-20,boston,all,616,8604,650,66,24965.27,4313.07,301.0,231.8,0.9477
2023-11-21,boston,all,638,8856,665,57,24808.94,4793.17,294.2,240.0,0.9594
2023-11-22,boston,all,679,9615,727,79,23639.71,4111.61,340.5,273.4,0.934
2023-11-23,boston,all,670,9389,694,70,27695.15,4853.5,353.8,281.4,0.9654
2023-11-24,boston,all,753,10356,791,55,30983.22,5608.07,341.8,252.1,0.952
2023-11-25,boston,all,812,10835,870,81,32804.38,5864.86,454.4,342.8,0.9333
2023-11-26,boston,all,750,10005,803,56,29336.3,5796.69,379.5,304.4,0.934
2023-11-27,boston,all,611,8775,649,59,24351.94,4862.09,270.7,221.5,0.9414
2023-11-28,boston,all,637,8942,656,47,26523.77,4845.15,279.4,225.7,0.971
2023-11-29,boston,all,671,8963,702,68,25992.11,4575.5,310.9,253.3,0.9558
2023-11-30,boston,all,722,9877,774,67,30121.33,5570.74,333.7,261.7,0.9328
2023-12-01,boston,all,764,10170,814,75,28306.43,5233.01,349.4,268.4,0.9386
2023-12-02,boston,all,844,11495,904,86,34043.86,6263.43,371.6,286.7,0.9336
2023-12-03,boston,all,788,10535,814,65,31560.59,5384.56,415.5,318.2,0.9681
2023-12-04,boston,all,645,8937,695,55,27093.46,4710.23,325.4,239.3,0.9281
2023-12-05,boston,all,597,8408,622,56,22782.8,3969.45,309.1,232.0,0.9598
2023-12-06,boston,all,632,8837,661,62,24256.4,4379.56,336.4,245.2,0.9561
2023-12-07,boston,all,664,9285,712,77,24708.11,4630.88,343.9,250.7,0.9326
2023-12-08,boston,all,719,9958,755,63,27945.04,5486.6,378.9,284.6,0.9523
2023-12-09,boston,all,828,11430,879,82,33542.97,5927.07,410.7,323.1,0.942
2023-12-10,boston,all,798,10774,844,93,29050.64,5610.72,421.2,329.1,0.9455
2023-12-11,boston,all,635,8941,682,67,24837.5,4390.93,322.5,250.2,0.9311
2023-12-12,boston,all,653,9101,678,56,26917.69,4602.35,306.4,243.6,0.9631
2023-12-13,boston,all,639,9143,661,58,25428.52,4818.6,296.0,225.6,0.9667
2023-12-14,boston,all,714,9729,758,81,28667.39,5058.05,391.4,299.1,0.942
2023-12-15,boston,all,838,10810,899,77,30995.78,6124.45,432.7,334.0,0.9321
2023-12-16,boston,all,846,11136,910,70,33670.72,6666.89,377.6,274.4,0.9297
2023-12-17,boston,all,806,10596,846,77,32286.24,5590.39,392.8,305.7,0.9527
2023-12-18,boston,all,650,8885,693,52,25787.15,4534.45,331.2,263.3,0.938
2023-12-19,boston,all,633,8715,664,63,25513.45,4498.34,322.1,240.4,0.9533
2023-12-20,boston,all,668,9236,699,80,26307.01,5191.51,316.9,255.3,0.9557
2023-12-21,boston,all,764,10773,788,91,29863.17,5146.64,372.1,277.8,0.9695
2023-12-22,boston,all,754,9999,786,76,28592.03,5504.97,410.7,316.8,0.9593
2023-12-23,boston,all,907,12043,942,104,38047.67,6796.5,495.0,399.7,0.9628
2023-12-24,boston,all,761,10322,794,84,28573.03,5356.67,403.8,320.5,0.9584
2023-12-25,boston,all,674,9243,704,79,27172.91,4763.91,352.9,274.4,0.9574
2023-12-26,boston,all,673,9447,722,76,29360.56,5701.7,345.8,270.5,0.9321
2023-12-27,boston,all,652,9147,678,75,27516.27,5231.48,323.9,236.7,0.9617
2023-12-28,boston,all,701,9553,751,57,28754.13,4906.44,356.0,281.2,0.9334
2023-12-29,boston,all,779,10381,836,61,31549.1,5587.79,408.6,319.2,0.9318
2023-12-30,boston,all,861,11630,907,62,34219.98,6296.15,402.2,293.0,0.9493
2023-12-31,boston,all,772,10448,823,79,29488.32,5482.92,409.3,299.8,0.938
2024-01-01,boston,all,641,8843,670,75,25314.59,4931.74,314.3,256.8,0.9567
2024-01-02,boston,all,636,9141,656,76,26171.24,4752.93,363.0,267.8,0.9695
2024-01-03,boston,all,607,8533,647,68,24753.11,4896.3,271.6,219.9,0.9382
2024-01-04,boston,all,697,9906,739,78,28979.48,5095.07,329.9,246.6,0.9432
2024-01-05,boston,all,826,11101,870,79,35054.9,6861.34,399.3,303.3,0.9494
2024-01-06,boston,all,904,11895,972,84,35873.51,7071.71,408.5,316.8,0.93
2024-01-07,boston,all,796,10594,849,81,32145.43,6069.08,434.9,340.3,0.9376
2024-01-08,boston,all,684,9576,719,49,24762.07,4928.29,365.8,281.6,0.9513
2024-01-09,boston,all,618,8674,638,68,27508.66,5015.31,285.0,215.1,0.9687
2024-01-10,boston,all,660,9275,709,68,25853.72,4937.5,317.2,244.2,0.9309
2024-01-11,boston,all,697,9283,752,55,28788.46,4902.76,351.2,277.5,0.9269
2024-01-12,boston,all,788,10574,837,80,30866.71,5501.7,345.9,262.8,0.9415
2024-01-13,boston,all,939,12568,1003,94,36737.91,6869.66,483.0,374.1,0.9362
2024-01-14,boston,all,748,10496,789,82,29565.45,5803.05,381.1,288.8,0.948
2024-01-15,boston,all,567,8045,591,63,21268.04,4223.57,306.9,231.1,0.9594
2024-01-16,boston,all,684,9474,736,57,23967.07,4491.02,363.5,272.6,0.9293
2024-01-17,boston,all,651,9099,693,72,27549.92,5390.86,335.0,248.7,0.9394
2024-01-18,boston,all,723,9989,765,57,29709.09,5762.88,390.5,310.9,0.9451
2024-01-19,boston,all,787,10551,837,71,30038.44,5803.73,401.9,328.9,0.9403
2024-01-20,boston,all,862,11455,910,82,35259.09,6111.94,441.4,319.1,0.9473
2024-01-21,boston,all,746,10418,771,82,31069.31,5727.91,358.4,265.1,0.9676
2024-01-22,boston,all,641,9072,681,74,24751.55,4568.83,308.5,251.9,0.9413
2024-01-23,boston,all,634,8795,653,45,25882.22,5011.41,282.0,212.7,0.9709
2024-01-24,boston,all,677,9504,705,72,28443.21,5335.47,337.0,255.7,0.9603
2024-01-25,boston,all,698,9730,724,79,25912.06,5042.37,330.3,259.7,0.9641
2024-01-26,boston,all,815,10937,853,96,33469.46,6650.16,399.8,302.0,0.9555
2024-01-27,boston,all,841,11468,904,70,34252.9,6392.96,439.2,337.9,0.9303
2024-01-28,boston,all,787,10532,814,62,34439.83,6672.76,376.5,305.0,0.9668
2024-01-29,boston,all,639,8751,670,61,26271.89,4908.03,348.6,270.7,0.9537
2024-01-30,boston,all,643,8897,687,74,25191.61,4755.45,322.6,253.8,0.936
2024-01-31,boston,all,714,9745,766,61,28138.47,5185.36,337.5,250.3,0.9321
2024-02-01,boston,all,686,9925,732,65,30216.1,6006.59,362.9,270.8,0.9372
2024-02-02,boston,all,801,10896,864,96,31471.53,6122.07,407.2,329.5,0.9271
2024-02-03,boston,all,819,10812,872,76,33720.11,6493.09,451.7,366.7,0.9392
2024-02-04,boston,all,761,10414,812,77,30077.18,5410.51,366.7,293.6,0.9372
2024-02-05,boston,all,612,8646,643,73,25803.46,4762.35,287.8,210.7,0.9518
2024-02-06,boston,all,630,8749,658,56,26624.64,5215.43,327.7,262.8,0.9574
2024-02-07,boston,all,659,9135,694,55,26330.12,5215.77,343.6,248.1,0.9496
2024-02-08,boston,all,751,10511,802,63,29429.04,5883.64,385.1,300.2,0.9364
2024-02-09,boston,all,860,11145,914,87,33659.35,6463.7,435.3,342.8,0.9409
2024-02-10,boston,all,894,11954,955,70,32671.66,6270.51,404.6,308.6,0.9361
2024-02-11,boston,all,796,10902,845,62,32000.09,5530.14,430.4,330.5,0.942
2024-02-12,boston,all,650,9265,693,54,26104.52,5026.33,354.2,281.3,0.938
2024-02-13,boston,all,653,8964,678,63,25054.13,4519.82,350.2,283.5,0.9631
2024-02-14,boston,all,669,9438,700,75,24305.02,4762.29,327.8,242.2,0.9557
2024-02-15,boston,all,722,9581,764,70,29177.88,4970.09,386.4,283.6,0.945
2024-02-16,boston,all,790,10532,814,86,32125.54,6361.87,413.8,324.0,0.9705
2024-02-17,boston,all,868,11543,934,102,35405.1,6532.82,394.3,293.0,0.9293
2024-02-18,boston,all,761,10182,793,81,28933.31,5029.73,355.4,262.8,0.9596
2024-02-19,boston,all,623,8443,644,64,25414.38,4778.66,323.8,239.7,0.9674
2024-02-20,boston,all,594,8634,632,42,23547.84,4492.01,317.8,235.1,0.9399
2024-02-21,boston,all,646,9172,672,60,26956.92,5213.31,323.8,248.6,0.9613
2024-02-22,boston,all,737,10003,780,61,28043.11,5357.79,375.8,306.8,0.9449
2024-02-23,boston,all,812,10592,846,78,34347.93,6409.37,379.2,304.4,0.9598
2024-02-24,boston,all,844,11625,876,99,36308.86,6261.77,424.8,328.9,0.9635
2024-02-25,boston,all,850,11849,907,73,34197.33,6698.81,428.3,311.9,0.9372
2024-02-26,boston,all,630,8699,661,49,25708.63,5128.93,276.5,217.7,0.9531
2024-02-27,boston,all,630,8641,667,70,26187.7,5063.14,293.7,224.7,0.9445
2024-02-28,boston,all,640,8840,666,76,24287.1,4154.12,320.7,255.9,0.961
2024-02-29,boston,all,735,10191,777,80,28685.19,5526.8,365.1,280.9,0.9459
2024-03-01,boston,all,777,10852,817,60,31366.28,5586.0,344.4,271.0,0.951
2024-03-02,boston,all,886,11998,915,86,39031.66,7761.95,406.6,300.9,0.9683
2024-03-03,boston,all,820,11072,874,74,30838.39,5301.28,376.2,302.2,0.9382
2024-03-04,boston,all,622,8706,658,63,26917.33,4650.45,297.8,237.6,0.9453
2024-03-05,boston,all,642,9241,691,66,25431.9,4461.8,303.3,229.7,0.9291
2024-03-06,boston,all,747,10227,800,82,29828.55,5744.82,405.9,331.4,0.9338
2024-03-07,boston,all,650,8845,688,53,27583.46,5228.23,352.7,259.6,0.9448
2024-03-08,boston,all,798,10900,824,94,35146.23,6741.65,404.1,291.8,0.9684
2024-03-09,boston,all,919,12395,981,74,37537.19,6779.84,415.3,330.7,0.9368
2024-03-10,boston,all,870,11817,920,66,36826.66,7232.29,403.5,314.8,0.9457
2024-03-11,boston,all,605,8455,648,67,23086.43,4233.77,348.7,254.9,0.9336
2024-03-12,boston,all,676,9267,716,63,26324.16,4581.02,345.7,254.4,0.9441
2024-03-13,boston,all,634,8688,653,60,23645.1,4564.08,355.1,260.3,0.9709
2024-03-14,boston,all,668,9055,715,57,26031.17,4838.83,321.8,237.1,0.9343
2024-03-15,boston,all,824,10848,882,60,33891.51,6364.9,436.2,334.2,0.9342
2024-03-16,boston,all,929,12526,961,74,37554.17,6818.1,470.8,341.4,0.9667
2024-03-17,boston,all,888,11294,945,96,38587.33,7382.59,426.2,329.0,0.9397
2024-03-18,boston,all,647,8692,683,53,28538.8,4882.05,323.0,252.1,0.9473
2024-03-19,boston,all,680,9540,720,81,27014.35,4990.5,304.9,241.7,0.9444
2024-03-20,boston,all,674,9316,724,74,26043.79,4761.19,350.8,285.8,0.9309
2024-03-21,boston,all,725,10460,756,82,30682.05,5903.05,351.8,256.2,0.959
2024-03-22,boston,all,858,11527,884,98,36489.41,6494.24,477.2,345.3,0.9706
2024-03-23,boston,all,915,11901,952,97,37407.48,6621.55,461.8,338.9,0.9611
2024-03-24,boston,all,911,11596,980,85,37725.53,6775.32,454.6,342.6,0.9296
2024-03-25,boston,all,623,8646,648,72,25604.24,4721.84,325.9,251.8,0.9614
2024-03-26,boston,all,670,9223,713,61,25475.07,4491.16,307.6,221.6,0.9397
2024-03-27,boston,all,713,9761,763,53,26782.32,5102.73,375.6,296.4,0.9345
2024-03-28,boston,all,777,10355,832,78,31000.9,5578.56,411.4,335.6,0.9339
2024-03-29,boston,all,770,10558,794,58,30490.59,5568.98,407.9,303.9,0.9698
2024-03-30,boston,all,957,12209,986,98,38810.07,7246.92,502.0,361.9,0.9706
2024-03-31,boston,all,804,10870,868,96,31948.99,5792.55,414.1,329.3,0.9263
2023-01-01,austin,all,478,6731,500,36,17674.95,3414.4,229.6,166.6,0.956
2023-01-02,austin,all,397,5582,413,37,14180.87,2780.98,179.5,135.4,0.9613
2023-01-03,austin,all,441,6094,457,50,15872.66,3028.44,205.9,151.0,0.965
2023-01-04,austin,all,397,5604,427,36,14953.41,2701.73,189.2,144.5,0.9297
2023-01-05,austin,all,436,6023,452,42,19166.76,3560.04,227.1,180.8,0.9646
2023-01-06,austin,all,471,6276,497,51,18194.52,3360.86,240.1,174.0,0.9477
2023-01-07,austin,all,562,7549,602,59,20765.73,3597.37,294.7,226.9,0.9336
2023-01-08,austin,all,472,6524,486,45,17644.74,3429.3,257.4,198.1,0.9712
2023-01-09,austin,all,383,5407,397,45,14311.42,2824.87,161.4,116.2,0.9647
2023-01-10,austin,all,398,5575,417,29,14461.42,2885.52,214.5,170.3,0.9544
2023-01-11,austin,all,394,5601,409,29,14924.94,2648.27,202.1,147.3,0.9633
2023-01-12,austin,all,408,5804,424,37,14776.24,2554.36,190.7,155.1,0.9623
2023-01-13,austin,all,485,6711,514,38,16807.19,2913.21,234.7,184.0,0.9436
2023-01-14,austin,all,561,7307,583,45,20969.64,4070.81,298.8,223.7,0.9623
2023-01-15,austin,all,494,6790,525,38,18585.76,3511.82,266.0,216.1,0.941
2023-01-16,austin,all,393,5419,423,41,14239.92,2743.8,200.0,152.0,0.9291
2023-01-17,austin,all,383,5500,399,35,14196.08,2798.84,199.7,149.0,0.9599
2023-01-18,austin,all,415,5656,432,46,15875.25,2806.55,176.6,133.9,0.9606
2023-01-19,austin,all,439,6228,452,36,15981.99,2891.5,234.3,183.0,0.9712
2023-01-20,austin,all,474,6473,489,48,16914.32,3277.51,254.9,202.0,0.9693
2023-01-21,austin,all,494,7015,519,40,17391.52,3091.89,234.7,184.5,0.9518
2023-01-22,austin,all,514,6883,542,36,18522.94,3430.1,254.6,206.8,0.9483
2023-01-23,austin,all,388,5323,403,41,15248.86,2795.17,183.0,149.3,0.9628
2023-01-24,austin,all,372,5376,389,29,13443.33,2525.45,185.2,137.0,0.9563
2023-01-25,austin,all,427,5874,443,45,15865.61,3167.51,181.9,147.6,0.9639
2023-01-26,austin,all,407,5893,433,43,14614.49,2529.94,197.8,144.5,0.94
2023-01-27,austin,all,454,6137,477,47,16231.1,2995.28,230.0,187.6,0.9518
2023-01-28,austin,all,575,7916,613,57,20064.78,3988.27,297.9,222.2,0.938
2023-01-29,austin,all,519,6921,549,59,19038.48,3435.23,265.5,198.2,0.9454
2023-01-30,austin,all,436,6114,457,32,15502.55,2979.87,246.3,187.7,0.954
2023-01-31,austin,all,414,5731,439,48,16073.32,3180.56,174.2,128.6,0.9431
2023-02-01,austin,all,424,5825,437,31,15392.81,2727.89,199.3,160.0,0.9703
2023-02-02,austin,all,424,6015,451,40,15441.54,2662.76,189.4,138.7,0.9401
2023-02-03,austin,all,475,6497,498,55,17181.31,2959.84,238.2,182.0,0.9538
2023-02-04,austin,all,551,7707,582,46,20484.63,3527.24,285.5,231.5,0.9467
2023-02-05,austin,all,523,7199,552,59,20512.54,3702.83,252.3,197.7,0.9475
2023-02-06,austin,all,414,5620,438,41,14325.4,2489.56,226.2,176.6,0.9452
2023-02-07,austin,all,398,5526,424,45,14728.79,2682.86,192.7,157.9,0.9387
2023-02-08,austin,all,403,5805,417,29,13555.7,2611.15,206.6,149.2,0.9664
2023-02-09,austin,all,431,5876,454,42,16693.65,2987.28,231.1,173.8,0.9493
2023-02-10,austin,all,471,6397,487,37,17098.55,3152.67,229.6,168.2,0.9671
2023-02-11,austin,all,591,7949,616,42,19959.12,3469.32,308.7,228.0,0.9594
2023-02-12,austin,all,475,6434,494,50,16231.56,3099.4,237.2,175.9,0.9615
2023-02-13,austin,all,425,5944,450,46,16143.77,2898.29,202.4,158.4,0.9444
2023-02-14,austin,all,395,5795,419,42,13217.51,2300.6,205.1,153.3,0.9427
2023-02-15,austin,all,417,5755,447,44,15432.28,3065.47,171.8,135.1,0.9329
2023-02-16,austin,all,408,6015,431,45,14572.9,2813.86,201.3,159.8,0.9466
2023-02-17,austin,all,476,6378,508,44,17204.81,3261.51,233.5,177.5,0.937
2023-02-18,austin,all,522,7125,561,46,18411.06,3529.22,279.2,216.0,0.9305
2023-02-19,austin,all,489,6576,507,53,16998.15,3106.66,269.4,197.5,0.9645
2023-02-20,austin,all,383,5380,408,40,13638.79,2440.66,233.9,186.0,0.9387
2023-02-21,austin,all,399,5506,418,32,14979.99,2771.29,204.7,156.0,0.9545
2023-02-22,austin,all,399,5621,417,37,14350.45,2794.86,196.7,158.0,0.9568
2023-02-23,austin,all,422,5912,455,33,15727.41,3128.4,183.1,141.5,0.9275
2023-02-24,austin,all,476,6453,495,52,17163.57,3229.47,266.1,210.1,0.9616
2023-02-25,austin,all,521,6864,560,43,19597.69,3552.88,293.8,222.1,0.9304
2023-02-26,austin,all,530,7158,568,54,19746.35,3782.34,281.5,213.1,0.9331
2023-02-27,austin,all,379,5487,407,40,13459.5,2569.58,182.7,139.5,0.9312
2023-02-28,austin,all,410,5848,434,49,14251.41,2528.54,222.2,174.1,0.9447
2023-03-01,austin,all,414,5768,439,38,15833.04,2898.48,187.8,144.7,0.9431
2023-03-02,austin,all,458,6300,481,52,16037.13,2790.79,209.2,167.4,0.9522
2023-03-03,austin,all,509,7065,534,53,19043.69,3467.25,216.2,156.8,0.9532
2023-03-04,austin,all,582,7621,624,41,21276.03,4103.77,317.5,257.2,0.9327
2023-03-05,austin,all,529,7215,555,47,18861.45,3384.07,263.9,214.4,0.9532
2023-03-06,austin,all,405,5655,427,36,15099.93,2853.75,223.6,166.4,0.9485
2023-03-07,austin,all,411,5948,444,31,16027.51,2882.22,185.6,135.5,0.9257
2023-03-08,austin,all,435,5997,456,40,16374.08,2855.85,206.7,160.6,0.9539
2023-03-09,austin,all,405,5765,434,31,14878.06,2860.18,212.4,154.3,0.9332
2023-03-10,austin,all,488,6776,509,55,19256.09,3613.97,236.8,175.9,0.9587
2023-03-11,austin,all,509,7013,525,45,17023.23,3315.51,243.6,187.8,0.9695
2023-03-12,austin,all,509,6770,539,40,17545.34,3340.08,275.5,215.3,0.9443
2023-03-13,austin,all,398,5556,419,40,14189.65,2760.11,188.5,139.4,0.9499
2023-03-14,austin,all,387,5552,414,44,15127.93,2642.07,197.7,160.8,0.9348
2023-03-15,austin,all,401,5709,413,47,15326.49,2888.09,209.2,154.4,0.9709
2023-03-16,austin,all,468,6415,484,54,15616.12,2826.85,232.0,170.6,0.9669
2023-03-17,austin,all,479,6581,514,55,17102.03,3290.35,232.8,171.4,0.9319
2023-03-18,austin,all,575,7784,606,50,19598.31,3672.77,262.1,213.1,0.9488
2023-03-19,austin,all,502,6754,530,48,18285.94,3138.33,265.2,214.2,0.9472
2023-03-20,austin,all,353,5347,368,31,13465.48,2504.67,208.6,150.9,0.9592
2023-03-21,austin,all,422,5802,454,49,16154.4,3106.96,233.2,184.8,0.9295
2023-03-22,austin,all,429,6149,461,32,15868.33,2822.72,213.1,155.0,0.9306
2023-03-23,austin,all,430,6098,454,42,15361.47,2913.08,210.4,153.1,0.9471
2023-03-24,austin,all,492,6523,512,41,17872.34,3489.18,263.8,191.9,0.9609
2023-03-25,austin,all,611,8120,659,69,23063.41,3965.87,330.6,265.5,0.9272
2023-03-26,austin,all,522,7077,561,45,21289.16,3988.33,249.4,190.2,0.9305
2023-03-27,austin,all,382,5306,403,43,13116.81,2579.13,219.5,170.3,0.9479
2023-03-28,austin,all,424,5856,450,49,16705.45,2903.28,224.7,162.5,0.9422
2023-03-29,austin,all,420,5761,442,33,15517.07,2763.24,242.8,196.7,0.9502
2023-03-30,austin,all,450,6153,468,48,17098.63,3227.84,219.1,179.3,0.9615
2023-03-31,austin,all,472,6440,502,41,17387.5,3261.12,191.3,142.2,0.9402
2023-04-01,austin,all,536,7448,570,48,20937.58,4057.74,283.6,222.8,0.9404
2023-04-02,austin,all,475,6532,502,40,17623.29,3328.54,223.1,175.8,0.9462
2023-04-03,austin,all,402,5655,430,41,14197.04,2658.76,199.1,162.6,0.9349
2023-04-04,austin,all,417,5890,439,36,15563.05,2856.68,220.0,169.0,0.9499
2023-04-05,austin,all,392,5634,421,42,15114.09,2604.88,188.3,140.1,0.9311
2023-04-06,austin,all,447,6242,465,49,16315.67,3062.98,247.0,186.7,0.9613
2023-04-07,austin,all,485,6844,523,44,15866.68,2771.89,259.5,203.4,0.9273
2023-04-08,austin,all,526,7181,547,37,19088.67,3815.36,288.7,221.5,0.9616
2023-04-09,austin,all,481,6565,499,35,17642.57,3040.79,273.3,198.9,0.9639
2023-04-10,austin,all,370,5206,392,31,13474.66,2321.3,190.8,152.8,0.9439
2023-04-11,austin,all,398,5516,412,47,14167.11,2743.03,210.8,170.0,0.966
2023-04-12,austin,all,426,5915,442,38,16577.58,2868.5,219.0,168.2,0.9638
2023-04-13,austin,all,469,6326,500,50,15087.42,2748.21,225.6,174.2,0.938
2023-04-14,austin,all,460,6360,481,54,16868.89,3337.09,209.4,161.1,0.9563
2023-04-15,austin,all,556,7564,595,48,20403.57,3950.88,243.8,188.5,0.9345
2023-04-16,austin,all,499,6798,518,49,20121.23,3561.16,262.3,191.5,0.9633
2023-04-17,austin,all,380,5344,399,43,13859.99,2460.58,197.5,150.8,0.9524
2023-04-18,austin,all,395,5718,414,40,14738.74,2767.47,193.6,148.1,0.9541
2023-04-19,austin,all,428,6174,451,32,15719.65,2901.74,215.3,176.5,0.949
2023-04-20,austin,all,410,5775,431,44,15035.66,2608.72,200.7,145.5,0.9513
2023-04-21,austin,all,510,7202,535,59,20255.87,3539.9,227.1,170.6,0.9533
2023-04-22,austin,all,540,7439,565,59,18614.47,3612.82,278.0,213.9,0.9558
2023-04-23,austin,all,469,6503,483,50,16547.42,2984.22,212.3,170.8,0.971
2023-04-24,austin,all,404,5734,429,44,15302.05,2968.14,221.4,169.6,0.9417
2023-04-25,austin,all,431,5937,454,43,15933.52,2799.44,224.8,168.4,0.9493
2023-04-26,austin,all,400,5766,419,33,14393.24,2705.68,180.4,139.5,0.9547
2023-04-27,austin,all,461,6388,480,53,16767.14,3104.49,292.9,219.6,0.9604
2023-04-28,austin,all,546,7557,587,42,20839.68,3746.8,278.8,216.0,0.9302
2023-04-29,austin,all,548,7568,571,61,20487.14,3856.85,285.3,225.1,0.9597
2023-04-30,austin,all,576,7812,620,51,20274.53,3522.42,291.5,225.4,0.929
2023-05-01,austin,all,418,5922,435,43,15438.39,3021.2,205.2,160.3,0.9609
2023-05-02,austin,all,414,5947,447,46,15073.37,2898.63,184.6,133.6,0.9262
2023-05-03,austin,all,415,5897,436,46,15503.79,2769.12,239.4,188.1,0.9518
2023-05-04,austin,all,424,6196,448,33,15227.55,2853.71,251.4,205.4,0.9464
2023-05-05,austin,all,506,6863,529,51,17353.19,3419.71,272.4,209.5,0.9565
2023-05-06,austin,all,537,7832,578,43,20259.44,3700.77,298.4,238.8,0.9291
2023-05-07,austin,all,514,6907,537,39,19275.63,3486.97,239.1,185.3,0.9572
2023-05-08,austin,all,390,5435,416,37,15242.34,2956.53,179.1,141.6,0.9375
2023-05-09,austin,all,453,6191,467,54,15446.34,2626.43,262.1,196.8,0.97
2023-05-10,austin,all,455,6147,481,54,16549.06,3154.11,230.4,188.2,0.9459
2023-05-11,austin,all,421,5828,449,42,15189.48,2680.55,186.9,138.6,0.9376
2023-05-12,austin,all,506,7015,533,55,18103.11,3454.57,265.3,195.2,0.9493
2023-05-13,austin,all,595,7804,632,49,20044.15,3670.83,313.1,226.9,0.9415
2023-05-14,austin,all,502,7036,536,41,17346.12,2959.4,247.3,191.4,0.9366
2023-05-15,austin,all,369,5405,389,39,13650.68,2678.64,169.9,132.8,0.9486
2023-05-16,austin,all,444,6041,462,49,15801.05,2945.26,234.1,183.8,0.961
2023-05-17,austin,all,425,5921,446,46,14871.52,2668.07,199.1,146.8,0.9529
2023-05-18,austin,all,443,6487,472,33,17325.94,3311.01,219.8,172.6,0.9386
2023-05-19,austin,all,471,6627,492,41,19231.89,3555.56,216.7,159.6,0.9573
2023-05-20,austin,all,455,6154,483,33,16560.64,2832.67,255.7,203.4,0.942
2023-05-21,austin,all,479,6667,497,52,16170.33,3064.4,261.7,195.6,0.9638
2023-05-22,austin,all,417,5962,449,36,15522.17,3090.25,208.1,158.6,0.9287
2023-05-23,austin,all,433,5875,459,40,14156.59,2500.89,237.4,179.6,0.9434
2023-05-24,austin,all,462,6250,487,46,15724.61,3080.26,236.1,178.7,0.9487
2023-05-25,austin,all,458,6432,490,32,17062.75,3218.54,219.4,173.8,0.9347
2023-05-26,austin,all,505,6928,540,44,17157.22,2956.82,261.2,214.1,0.9352
2023-05-27,austin,all,569,7647,589,61,20461.09,3926.47,277.0,214.0,0.966
2023-05-28,austin,all,459,6355,480,39,15510.7,2842.25,237.6,180.6,0.9562
2023-05-29,austin,all,367,5418,386,36,13433.18,2603.51,191.3,143.4,0.9508
2023-05-30,austin,all,366,5456,383,44,14109.27,2667.67,206.1,161.3,0.9556
2023-05-31,austin,all,437,6166,457,33,15461.74,2629.79,212.8,162.8,0.9562
2023-06-01,austin,all,461,6389,483,38,16810.16,2921.42,262.1,209.0,0.9545
2023-06-02,austin,all,491,6716,509,51,17190.44,3104.13,243.7,190.2,0.9646
2023-06-03,austin,all,537,7227,556,54,18869.61,3480.61,250.4,190.6,0.9658
2023-06-04,austin,all,502,6750,524,60,17561.34,3476.51,263.8,215.1,0.958
2023-06-05,austin,all,439,6023,454,31,16653.17,3241.69,259.4,187.1,0.967
2023-06-06,austin,all,424,5954,448,48,14382.23,2790.85,235.2,185.6,0.9464
2023-06-07,austin,all,444,6223,461,42,15937.1,2967.29,247.5,188.4,0.9631
2023-06-08,austin,all,424,5985,438,34,15793.12,2728.83,194.8,142.6,0.968
2023-06-09,austin,all,500,6873,536,48,19080.19,3670.54,265.7,193.8,0.9328
2023-06-10,austin,all,521,7354,552,47,19435.44,3354.49,262.0,205.7,0.9438
2023-06-11,austin,all,512,6841,550,40,18620.13,3216.51,246.9,181.4,0.9309
2023-06-12,austin,all,434,6167,468,35,15390.41,2734.15,206.0,166.0,0.9274
2023-06-13,austin,all,413,5876,438,35,15771.93,3117.75,203.2,152.6,0.9429
2023-06-14,austin,all,437,6224,468,43,15258.87,2937.3,203.4,153.4,0.9338
2023-06-15,austin,all,433,6271,449,32,15131.07,2607.08,209.2,164.4,0.9644
2023-06-16,austin,all,503,6892,536,37,19601.06,3872.53,274.0,203.3,0.9384
2023-06-17,austin,all,525,7109,555,45,19507.68,3774.76,282.1,203.3,0.9459
2023-06-18,austin,all,509,7065,541,54,18945.99,3563.92,272.7,208.5,0.9409
2023-06-19,austin,all,421,5818,436,50,15826.38,2750.77,203.8,157.5,0.9656
2023-06-20,austin,all,434,6161,467,31,15765.87,2831.61,216.6,165.6,0.9293
2023-06-21,austin,all,392,5699,412,46,13279.47,2377.3,212.0,162.3,0.9515
2023-06-22,austin,all,454,6234,485,47,16779.1,3174.63,226.7,178.3,0.9361
2023-06-23,austin,all,494,6734,533,57,18014.56,3380.18,247.2,198.9,0.9268
2023-06-24,austin,all,552,7429,593,53,19282.57,3438.41,288.1,218.0,0.9309
2023-06-25,austin,all,520,6986,544,48,17946.49,3218.4,291.1,232.6,0.9559
2023-06-26,austin,all,357,5131,375,39,13000.18,2412.23,212.5,154.3,0.952
2023-06-27,austin,all,407,5803,432,40,13846.96,2705.17,164.1,126.0,0.9421
2023-06-28,austin,all,425,5874,449,49,15401.27,2676.54,214.8,162.7,0.9465
2023-06-29,austin,all,480,6525,504,55,17288.7,3315.49,243.1,186.4,0.9524
2023-06-30,austin,all,521,7115,554,50,18903.21,3778.19,273.0,199.1,0.9404
2023-07-01,austin,all,565,7830,608,56,21037.69,4049.59,311.6,228.7,0.9293
2023-07-02,austin,all,517,6836,541,48,19457.33,3565.5,207.8,155.7,0.9556
2023-07-03,austin,all,377,5375,391,39,13270.97,2547.37,184.4,137.8,0.9642
2023-07-04,austin,all,437,6123,465,45,16644.18,3259.27,252.4,191.4,0.9398
2023-07-05,austin,all,417,5922,442,43,15053.55,2906.16,227.1,173.9,0.9434
2023-07-06,austin,all,448,6276,482,33,17785.5,3030.34,211.6,157.0,0.9295
2023-07-07,austin,all,529,7383,565,63,18743.32,3260.3,284.7,222.6,0.9363
2023-07-08,austin,all,575,7929,604,50,19296.61,3342.45,293.8,222.6,0.952
2023-07-09,austin,all,512,7094,544,42,19466.96,3327.97,239.1,173.6,0.9412
2023-07-10,austin,all,409,5690,439,33,15246.19,2918.66,182.4,135.8,0.9317
2023-07-11,austin,all,438,6160,459,32,16947.55,3017.02,208.1,161.5,0.9542
2023-07-12,austin,all,419,5805,432,39,15530.28,2976.51,212.4,165.8,0.9699
2023-07-13,austin,all,438,6273,465,32,17857.49,3392.62,199.4,159.5,0.9419
2023-07-14,austin,all,496,6818,512,39,17933.02,3330.31,237.1,176.5,0.9688
2023-07-15,austin,all,563,7603,606,40,21624.55,3714.91,247.0,191.7,0.929
2023-07-16,austin,all,531,7137,551,42,18872.29,3381.14,268.8,206.3,0.9637
2023-07-17,austin,all,404,5868,424,48,15108.59,2580.75,242.0,194.8,0.9528
2023-07-18,austin,all,432,6056,465,42,16302.55,3216.5,220.6,174.9,0.929
2023-07-19,austin,all,431,6173,446,32,16386.37,2937.4,182.8,134.0,0.9664
2023-07-20,austin,all,507,7018,522,50,19223.82,3322.81,263.5,215.0,0.9713
2023-07-21,austin,all,553,7299,572,55,16917.91,2877.32,277.2,209.4,0.9668
2023-07-22,austin,all,548,7914,591,53,19933.32,3754.35,253.2,206.5,0.9272
2023-07-23,austin,all,506,7020,546,44,17937.92,3383.61,277.7,207.9,0.9267
2023-07-24,austin,all,446,6255,468,46,15971.42,3191.85,236.9,181.7,0.953
2023-07-25,austin,all,418,5891,446,32,15040.8,2687.16,202.0,156.6,0.9372
2023-07-26,austin,all,425,5886,453,34,16270.65,2788.72,171.5,124.6,0.9382
2023-07-27,austin,all,476,6694,493,57,17549.98,3393.84,237.9,188.3,0.9655
2023-07-28,austin,all,522,7219,544,47,18569.51,3326.49,232.1,169.5,0.9596
2023-07-29,austin,all,577,8051,620,45,19514.38,3511.02,276.0,203.3,0.9306
2023-07-30,austin,all,540,7567,561,44,21220.83,4185.43,273.2,204.6,0.9626
2023-07-31,austin,all,402,5747,425,43,14198.1,2658.75,178.7,145.8,0.9459
2023-08-01,austin,all,390,5563,406,30,14141.97,2573.99,178.6,146.0,0.9606
2023-08-02,austin,all,419,5859,443,37,16929.04,3360.7,199.0,153.0,0.9458
2023-08-03,austin,all,471,6665,490,41,16658.47,2964.52,205.2,158.7,0.9612
2023-08-04,austin,all,481,6664,501,39,17314.5,2954.62,266.7,197.7,0.9601
2023-08-05,austin,all,523,7297,540,49,19311.11,3416.64,275.5,209.9,0.9685
2023-08-06,austin,all,530,7356,572,40,17791.65,3048.13,269.5,220.6,0.9266
2023-08-07,austin,all,397,5661,411,37,13243.01,2413.31,176.7,141.2,0.9659
2023-08-08,austin,all,400,5722,420,29,14248.42,2777.47,190.8,150.7,0.9524
2023-08-09,austin,all,449,6240,472,53,16022.21,3192.51,211.2,157.9,0.9513
2023-08-10,austin,all,482,6612,504,48,17711.07,3382.98,230.7,183.7,0.9563
2023-08-11,austin,all,527,7386,564,39,18294.89,3618.43,242.3,197.9,0.9344
2023-08-12,austin,all,586,7845,613,47,21853.12,3982.86,265.6,217.5,0.956
2023-08-13,austin,all,550,7415,584,59,17910.2,3207.38,292.2,227.9,0.9418
2023-08-14,austin,all,425,5969,449,45,15457.98,2699.38,192.5,141.7,0.9465
2023-08-15,austin,all,440,6015,472,39,16349.22,3025.04,204.8,167.2,0.9322
2023-08-16,austin,all,436,6168,467,34,16175.34,2908.46,246.0,190.4,0.9336
2023-08-17,austin,all,480,6716,500,46,17377.41,3010.22,234.4,169.7,0.96
2023-08-18,austin,all,531,7245,567,45,18741.58,3710.04,210.8,153.5,0.9365
2023-08-19,austin,all,548,7484,586,41,19810.11,3441.24,288.9,224.7,0.9352
2023-08-20,austin,all,494,6692,532,43,19143.48,3679.23,227.9,183.1,0.9286
2023-08-21,austin,all,410,5769,442,44,14516.45,2497.44,207.9,169.3,0.9276
2023-08-22,austin,all,457,6378,488,40,17496.27,3251.04,206.9,168.5,0.9365
2023-08-23,austin,all,409,5849,430,29,15777.37,3001.55,188.6,146.7,0.9512
2023-08-24,austin,all,485,6929,507,37,16166.02,2861.97,236.1,193.2,0.9566
2023-08-25,austin,all,509,7059,546,51,18459.46,3180.0,258.1,189.7,0.9322
2023-08-26,austin,all,572,7884,615,55,19857.34,3729.23,259.8,189.5,0.9301
2023-08-27,austin,all,533,7149,552,55,17993.63,3384.37,249.5,180.4,0.9656
2023-08-28,austin,all,444,6311,470,44,16847.78,3021.81,238.1,189.9,0.9447
2023-08-29,austin,all,443,6158,459,42,16552.17,3000.67,202.0,164.0,0.9651
2023-08-30,austin,all,406,5689,423,38,15014.21,2572.96,188.5,151.6,0.9598
2023-08-31,austin,all,444,6311,466,52,15326.42,2741.49,244.0,198.6,0.9528
2023-09-01,austin,all,492,6554,514,56,18146.98,3565.48,250.8,194.3,0.9572
2023-09-02,austin,all,610,8228,650,54,20806.13,3643.96,282.7,225.1,0.9385
2023-09-03,austin,all,576,7879,596,59,21105.22,3884.24,279.8,210.9,0.9664
2023-09-04,austin,all,429,6056,455,30,15140.56,2881.32,201.9,160.8,0.9429
2023-09-05,austin,all,418,5882,443,30,16058.6,3116.76,234.3,186.3,0.9436
2023-09-06,austin,all,399,5808,427,34,14299.07,2465.65,202.7,154.8,0.9344
2023-09-07,austin,all,450,6451,466,48,16614.91,3119.53,255.2,184.9,0.9657
2023-09-08,austin,all,494,6701,517,57,18241.39,3444.32,244.0,182.2,0.9555
2023-09-09,austin,all,545,7701,580,57,19817.11,3486.25,257.0,207.8,0.9397
2023-09-10,austin,all,549,7623,585,58,20144.03,3443.13,265.6,206.8,0.9385
2023-09-11,austin,all,445,6319,468,32,16489.21,3220.85,199.5,151.7,0.9509
2023-09-12,austin,all,438,5833,461,51,15270.47,2797.58,241.7,196.9,0.9501
2023-09-13,austin,all,414,5757,446,31,15415.44,2648.73,237.7,179.9,0.9283
2023-09-14,austin,all,466,6430,488,55,17743.67,3324.11,222.4,167.4,0.9549
2023-09-15,austin,all,539,7488,559,42,20064.36,3637.82,286.2,228.1,0.9642
2023-09-16,austin,all,573,7783,617,41,20544.13,3541.93,303.9,229.6,0.9287
2023-09-17,austin,all,506,7180,542,50,18630.05,3327.58,225.9,172.7,0.9336
2023-09-18,austin,all,406,5754,423,31,14549.47,2616.07,193.8,153.5,0.9598
2023-09-19,austin,all,422,5888,453,30,15311.55,2867.04,225.2,171.8,0.9316
2023-09-20,austin,all,415,6017,433,43,14247.98,2594.56,209.1,157.3,0.9584
2023-09-21,austin,all,499,6982,535,53,19470.29,3372.44,229.6,165.7,0.9327
2023-09-22,austin,all,547,7419,581,46,21897.65,4139.97,269.6,217.3,0.9415
2023-09-23,austin,all,543,7524,572,52,19121.92,3668.81,281.3,217.4,0.9493
2023-09-24,austin,all,474,6598,510,47,17981.08,3330.44,250.2,201.4,0.9294
2023-09-25,austin,all,414,5924,443,32,16212.49,2786.94,162.7,127.2,0.9345
2023-09-26,austin,all,425,6034,441,39,14769.74,2556.59,231.8,171.5,0.9637
2023-09-27,austin,all,459,6504,489,47,14945.43,2964.27,216.0,163.4,0.9387
2023-09-28,austin,all,478,6674,511,55,18770.18,3297.56,229.3,174.7,0.9354
2023-09-29,austin,all,490,6778,518,45,17875.77,3203.78,206.9,164.3,0.9459
2023-09-30,austin,all,649,8599,677,68,23073.2,4398.34,304.1,235.6,0.9586
2023-10-01,austin,all,546,7243,569,52,19976.17,3870.48,294.9,231.1,0.9596
2023-10-02,austin,all,446,6251,481,47,15978.59,3153.06,252.1,200.5,0.9272
2023-10-03,austin,all,426,6051,448,47,17849.83,3246.09,217.4,162.5,0.9509
2023-10-04,austin,all,444,6330,469,43,15775.97,3151.55,261.8,211.6,0.9467
2023-10-05,austin,all,422,5915,447,31,15655.09,2710.16,190.1,145.5,0.9441
2023-10-06,austin,all,555,7520,574,63,21566.38,4201.05,280.5,220.5,0.9669
2023-10-07,austin,all,575,7897,595,58,22338.49,3979.9,306.9,227.7,0.9664
2023-10-08,austin,all,532,7338,553,53,20482.09,4057.76,279.2,207.5,0.962
2023-10-09,austin,all,450,6296,465,43,16075.41,3152.0,246.0,195.2,0.9677
2023-10-10,austin,all,421,5921,453,33,15249.64,2941.17,216.6,163.5,0.9294
2023-10-11,austin,all,411,5856,426,39,13370.49,2515.16,201.8,163.0,0.9648
2023-10-12,austin,all,456,6415,475,44,16582.0,2925.62,236.8,186.2,0.96
2023-10-13,austin,all,527,7294,557,47,19267.05,3542.4,289.5,227.7,0.9461
2023-10-14,austin,all,538,7467,578,42,20365.26,3483.35,260.9,197.8,0.9308
2023-10-15,austin,all,535,7314,552,58,21280.57,4070.59,291.2,235.9,0.9692
2023-10-16,austin,all,429,6123,447,40,16215.4,2812.99,216.1,176.0,0.9597
2023-10-17,austin,all,436,6237,465,46,16765.91,2980.12,203.1,151.5,0.9376
2023-10-18,austin,all,453,6257,478,33,16520.06,2929.86,213.1,164.4,0.9477
2023-10-19,austin,all,441,6258,467,42,17130.13,3317.05,173.8,140.9,0.9443
2023-10-20,austin,all,558,7356,575,41,20378.34,3709.25,274.9,200.7,0.9704
2023-10-21,austin,all,576,7781,618,61,22223.01,4134.28,274.9,206.1,0.932
2023-10-22,austin,all,516,7172,546,51,19591.6,3453.19,235.9,192.4,0.9451
2023-10-23,austin,all,426,5870,457,39,15854.32,2854.14,199.2,153.1,0.9322
2023-10-24,austin,all,447,6387,482,53,15058.61,2791.22,202.8,165.3,0.9274
2023-10-25,austin,all,445,6034,475,38,17130.43,3011.98,234.1,177.5,0.9368
2023-10-26,austin,all,470,6592,485,43,17479.35,3333.21,216.3,167.1,0.9691
2023-10-27,austin,all,526,7115,560,56,19873.44,3646.34,308.7,236.3,0.9393
2023-10-28,austin,all,574,7848,607,55,21279.45,4245.45,243.5,186.5,0.9456
2023-10-29,austin,all,580,7893,600,60,21684.36,3846.72,292.3,237.3,0.9667
2023-10-30,austin,all,415,5870,433,49,16132.58,2934.22,203.8,160.9,0.9584
2023-10-31,austin,all,393,5649,408,41,14004.59,2769.27,227.0,184.9,0.9632
2023-11-01,austin,all,439,6148,472,34,16398.16,3223.55,238.6,179.7,0.9301
2023-11-02,austin,all,468,6458,501,38,16417.99,3029.53,252.4,206.8,0.9341
2023-11-03,austin,all,457,6409,487,52,17161.47,2981.08,251.3,198.7,0.9384
2023-11-04,austin,all,633,8406,676,46,23394.79,4264.01,335.5,246.0,0.9364
2023-11-05,austin,all,556,7522,589,53,19653.76,3687.44,300.7,228.9,0.944
2023-11-06,austin,all,442,6280,474,51,16208.55,2879.07,225.2,167.7,0.9325
2023-11-07,austin,all,440,6254,458,48,15603.33,2742.04,238.9,177.6,0.9607
2023-11-08,austin,all,470,6386,490,36,16830.77,3129.57,264.5,215.0,0.9592
2023-11-09,austin,all,488,6754,517,52,18127.99,3177.49,287.7,234.8,0.9439
2023-11-10,austin,all,571,7636,611,51,21121.19,4144.74,314.1,226.6,0.9345
2023-11-11,austin,all,608,8366,652,70,20061.04,3455.06,301.5,221.2,0.9325
2023-11-12,austin,all,564,7629,608,56,20967.34,4185.54,267.7,200.2,0.9276
2023-11-13,austin,all,423,5917,452,41,15205.33,2830.29,215.9,173.8,0.9358
2023-11-14,austin,all,463,6552,482,33,16549.42,3301.72,242.3,189.3,0.9606
2023-11-15,austin,all,462,6497,481,38,15912.64,3063.91,227.9,177.0,0.9605
2023-11-16,austin,all,479,6605,504,43,17443.82,3045.46,245.2,191.2,0.9504
2023-11-17,austin,all,544,7213,578,58,19336.75,3419.18,294.4,240.0,0.9412
2023-11-18,austin,all,606,8326,640,58,23527.45,4075.15,316.1,236.3,0.9469
2023-11-19,austin,all,539,7575,557,61,17952.63,3444.62,282.8,207.1,0.9677
2023-11-20,austin,all,438,5978,462,31,15216.49,2663.79,241.1,188.2,0.9481
2023-11-21,austin,all,433,5907,464,37,14989.28,2869.51,205.8,168.1,0.9332
2023-11-22,austin,all,454,6350,473,45,16785.31,3286.31,244.5,193.4,0.9598
2023-11-23,austin,all,471,6404,500,48,18199.89,3318.78,238.2,192.8,0.942
2023-11-24,austin,all,535,7272,558,51,20018.74,3800.18,243.1,196.8,0.9588
2023-11-25,austin,all,553,7708,585,50,19079.75,3755.96,307.1,227.8,0.9453
2023-11-26,austin,all,561,7882,597,41,20037.04,3859.01,287.0,226.3,0.9397
2023-11-27,austin,all,438,6337,456,46,15340.18,2668.01,221.5,178.6,0.9605
2023-11-28,austin,all,431,6069,460,50,16130.87,2883.8,254.0,185.5,0.937
2023-11-29,austin,all,435,6195,463,48,15520.6,2887.9,215.3,169.0,0.9395
2023-11-30,austin,all,478,6822,500,50,16214.55,2885.02,222.5,166.3,0.956
2023-12-01,austin,all,540,7408,580,55,20286.23,3756.56,256.5,205.8,0.931
2023-12-02,austin,all,614,8262,656,67,23826.54,4731.59,265.6,197.2,0.936
2023-12-03,austin,all,522,7220,551,57,18882.79,3466.79,227.6,172.4,0.9474
2023-12-04,austin,all,431,6157,446,30,15826.2,2814.69,243.9,192.1,0.9664
2023-12-05,austin,all,431,6130,453,38,14546.68,2536.9,238.3,184.8,0.9514
2023-12-06,austin,all,477,6600,499,54,15617.88,3077.24,240.0,175.7,0.9559
2023-12-07,austin,all,473,6680,493,53,15668.32,2771.63,257.2,191.0,0.9594
2023-12-08,austin,all,534,7265,567,56,19447.42,3419.02,262.0,211.8,0.9418
2023-12-09,austin,all,645,8561,694,55,23180.01,4323.86,327.1,267.9,0.9294
2023-12-10,austin,all,591,7647,613,65,22160.65,4074.27,292.9,231.2,0.9641
2023-12-11,austin,all,423,5881,451,35,15286.92,2775.65,227.8,164.2,0.9379
2023-12-12,austin,all,487,6793,517,40,18653.4,3494.89,239.7,190.4,0.942
2023-12-13,austin,all,398,5747,423,39,15160.57,2836.27,199.5,156.5,0.9409
2023-12-14,austin,all,476,6656,510,47,17093.88,2941.04,257.8,196.2,0.9333
2023-12-15,austin,all,548,7490,575,48,18998.46,3466.22,268.8,199.7,0.953
2023-12-16,austin,all,591,7938,626,59,19504.78,3737.69,269.9,198.8,0.9441
2023-12-17,austin,all,535,7377,558,56,20927.2,3797.25,251.9,183.5,0.9588
2023-12-18,austin,all,418,5872,436,33,14537.99,2906.58,174.0,136.4,0.9587
2023-12-19,austin,all,442,6157,467,37,14925.9,2642.8,224.0,168.8,0.9465
2023-12-20,austin,all,475,6452,489,50,17450.07,3226.36,229.5,177.1,0.9714
2023-12-21,austin,all,525,7180,547,61,17737.25,3373.94,235.6,182.0,0.9598
2023-12-22,austin,all,545,7265,565,62,20020.66,3732.57,272.8,213.0,0.9646
2023-12-23,austin,all,617,8315,639,47,22141.81,3790.06,320.1,249.5,0.9656
2023-12-24,austin,all,505,6967,530,50,19283.79,3575.41,217.5,167.9,0.9528
2023-12-25,austin,all,448,6230,464,49,17036.08,3390.06,229.5,168.8,0.9655
2023-12-26,austin,all,478,6837,496,39,18409.48,3354.21,238.3,172.2,0.9637
2023-12-27,austin,all,486,6884,517,50,17921.94,3109.19,284.8,221.5,0.94
2023-12-28,austin,all,541,7358,575,49,18899.04,3224.89,265.6,202.5,0.9409
2023-12-29,austin,all,545,7374,587,56,18861.19,3439.68,264.9,201.6,0.9284
2023-12-30,austin,all,641,8728,690,46,22775.68,3998.47,317.9,242.6,0.929
2023-12-31,austin,all,547,7434,587,47,21956.33,4282.38,299.1,218.7,0.9319
2024-01-01,austin,all,441,6224,469,38,15895.95,3156.42,195.4,144.2,0.9403
2024-01-02,austin,all,456,6715,476,41,16778.0,3325.67,254.8,200.3,0.958
2024-01-03,austin,all,423,6119,439,32,16611.82,3010.66,197.3,152.2,0.9636
2024-01-04,austin,all,466,6490,502,43,17225.54,3163.34,266.1,207.8,0.9283
2024-01-05,austin,all,569,7933,613,55,19991.08,3587.45,262.2,192.2,0.9282
2024-01-06,austin,all,605,8297,638,43,22888.69,3979.69,277.3,222.2,0.9483
2024-01-07,austin,all,548,7692,579,47,19573.48,3655.76,281.7,213.3,0.9465
2024-01-08,austin,all,420,6011,433,33,15551.61,2730.65,193.4,151.1,0.97
2024-01-09,austin,all,423,5969,439,50,15834.87,2720.15,197.6,151.5,0.9636
2024-01-10,austin,all,485,6705,513,37,17264.98,3375.01,194.8,149.4,0.9454
2024-01-11,austin,all,492,6788,511,50,18125.34,3515.51,271.9,216.9,0.9628
2024-01-12,austin,all,544,7554,573,49,21444.53,4241.48,281.0,205.4,0.9494
2024-01-13,austin,all,592,8054,633,50,20931.09,3763.87,284.9,207.3,0.9352
2024-01-14,austin,all,464,6537,496,52,18051.14,3540.22,260.4,190.1,0.9355
2024-01-15,austin,all,460,6477,494,47,16294.28,2964.8,267.7,219.4,0.9312
2024-01-16,austin,all,449,6210,468,45,17865.16,3076.08,212.4,172.6,0.9594
2024-01-17,austin,all,460,6491,484,34,16071.82,2952.96,202.6,160.1,0.9504
2024-01-18,austin,all,495,6796,525,41,17711.7,3305.24,272.7,208.5,0.9429
2024-01-19,austin,all,562,7555,595,47,22059.94,4036.15,295.5,215.3,0.9445
2024-01-20,austin,all,621,8454,671,57,24425.68,4727.91,280.3,224.8,0.9255
2024-01-21,austin,all,545,7488,569,63,20706.53,3738.66,306.5,226.5,0.9578
2024-01-22,austin,all,438,6236,453,39,15122.22,2988.63,215.9,161.3,0.9669
2024-01-23,austin,all,452,6563,474,39,16565.98,2853.07,244.2,196.4,0.9536
2024-01-24,austin,all,474,6858,500,35,17302.08,3315.29,237.4,177.0,0.948
2024-01-25,austin,all,480,6636,504,43,16770.31,3318.33,266.2,214.1,0.9524
2024-01-26,austin,all,544,7218,569,40,20547.82,3834.12,270.5,216.0,0.9561
2024-01-27,austin,all,645,9012,673,57,22628.24,4443.29,277.3,222.9,0.9584
2024-01-28,austin,all,539,7361,567,64,18403.98,3510.65,286.6,225.7,0.9506
2024-01-29,austin,all,439,6395,467,43,14724.9,2509.65,233.5,176.3,0.94
2024-01-30,austin,all,447,6427,464,36,17712.35,3367.78,228.3,179.3,0.9634
2024-01-31,austin,all,447,6270,480,38,15899.06,3016.0,243.9,195.8,0.9312
2024-02-01,austin,all,520,7410,552,51,18515.46,3147.64,278.0,221.0,0.942
2024-02-02,austin,all,550,7823,569,39,19040.47,3470.6,277.0,223.3,0.9666
2024-02-03,austin,all,597,7891,616,69,23280.89,3984.85,277.6,227.2,0.9692
2024-02-04,austin,all,560,7667,578,55,19029.38,3402.26,240.1,189.4,0.9689
2024-02-05,austin,all,408,5881,422,39,13995.4,2793.45,242.9,197.4,0.9668
2024-02-06,austin,all,480,6743,510,51,17238.08,3416.73,237.8,177.7,0.9412
2024-02-07,austin,all,488,6886,526,39,17792.79,3390.34,244.7,200.0,0.9278
2024-02-08,austin,all,539,7540,559,38,20321.38,3678.28,261.7,212.2,0.9642
2024-02-09,austin,all,542,7461,566,55,19114.74,3476.85,295.3,213.8,0.9576
2024-02-10,austin,all,611,8306,656,48,24023.55,4111.55,334.8,260.8,0.9314
2024-02-11,austin,all,572,7676,604,40,20179.85,3635.37,272.8,210.1,0.947
2024-02-12,austin,all,417,6035,438,49,14452.94,2797.1,194.3,155.7,0.9521
2024-02-13,austin,all,481,6870,507,53,16587.58,3078.33,246.2,180.4,0.9487
2024-02-14,austin,all,488,6765,505,37,17122.77,3155.73,265.0,204.8,0.9663
2024-02-15,austin,all,494,7037,514,57,16977.5,2932.57,247.6,190.7,0.9611
2024-02-16,austin,all,570,7814,615,42,21586.13,4264.77,289.0,219.5,0.9268
2024-02-17,austin,all,612,8455,650,67,21220.16,3787.63,341.6,279.8,0.9415
2024-02-18,austin,all,527,7266,550,48,19107.75,3467.81,265.4,205.4,0.9582
2024-02-19,austin,all,392,5585,422,38,13571.46,2441.79,180.8,137.6,0.9289
2024-02-20,austin,all,447,6457,469,46,15357.4,2762.21,202.7,163.3,0.9531
2024-02-21,austin,all,461,6444,478,35,17757.46,3338.04,241.7,177.4,0.9644
2024-02-22,austin,all,529,7297,570,61,20855.86,3937.82,287.7,215.4,0.9281
2024-02-23,austin,all,541,7424,575,42,20999.42,3946.99,252.4,188.8,0.9409
2024-02-24,austin,all,651,8735,695,76,22013.44,3787.52,302.4,246.0,0.9367
2024-02-25,austin,all,581,8024,599,43,19793.52,3940.62,300.6,242.9,0.9699
2024-02-26,austin,all,408,5820,426,32,16365.1,3132.6,177.5,138.6,0.9577
2024-02-27,austin,all,474,6628,511,35,17080.99,3356.1,230.1,173.0,0.9276
2024-02-28,austin,all,463,6474,480,42,15737.83,2750.82,260.0,199.4,0.9646
2024-02-29,austin,all,507,7161,544,50,19506.87,3861.64,264.3,205.4,0.932
2024-03-01,austin,all,580,7830,620,59,21241.33,4070.91,272.2,210.7,0.9355
2024-03-02,austin,all,627,8804,658,70,23537.16,4354.88,256.3,191.1,0.9529
2024-03-03,austin,all,571,7856,613,55,18509.45,3159.45,291.3,213.5,0.9315
2024-03-04,austin,all,460,6362,495,44,16516.09,2933.18,232.3,188.3,0.9293
2024-03-05,austin,all,487,6728,523,42,18618.77,3633.68,241.8,189.6,0.9312
2024-03-06,austin,all,457,6337,480,47,16146.42,2928.56,221.3,162.5,0.9521
2024-03-07,austin,all,489,6755,518,56,18950.65,3607.22,271.1,222.0,0.944
2024-03-08,austin,all,542,7465,567,48,18480.53,3546.85,250.3,190.5,0.9559
2024-03-09,austin,all,555,7863,575,49,20143.47,3893.12,318.2,252.4,0.9652
2024-03-10,austin,all,544,7480,585,47,21489.08,3899.64,338.7,249.8,0.9299
2024-03-11,austin,all,443,6169,478,36,15239.06,3006.59,229.0,186.2,0.9268
2024-03-12,austin,all,466,6458,481,46,17239.88,3081.9,247.9,180.5,0.9688
2024-03-13,austin,all,471,6705,501,35,17694.44,3451.87,233.8,190.7,0.9401
2024-03-14,austin,all,502,7216,541,56,18406.74,3363.68,222.8,176.6,0.9279
2024-03-15,austin,all,566,7874,600,44,20400.71,3611.47,249.3,185.2,0.9433
2024-03-16,austin,all,594,8216,613,47,20731.03,3737.88,290.5,214.4,0.969
2024-03-17,austin,all,527,7491,543,39,19424.53,3768.1,255.5,205.3,0.9705
2024-03-18,austin,all,440,6266,464,39,15977.57,3010.91,202.7,146.8,0.9483
2024-03-19,austin,all,459,6468,494,50,15550.35,2707.32,222.9,163.0,0.9291
2024-03-20,austin,all,507,7159,529,59,19523.16,3391.54,227.0,178.7,0.9584
2024-03-21,austin,all,457,6490,479,42,15921.5,3034.89,214.5,156.1,0.9541
2024-03-22,austin,all,531,7370,568,43,18014.8,3191.95,271.7,210.3,0.9349
2024-03-23,austin,all,583,8067,624,62,20645.71,3639.01,254.1,197.5,0.9343
2024-03-24,austin,all,565,7814,609,59,19701.99,3792.34,289.7,209.1,0.9278
2024-03-25,austin,all,456,6344,489,47,16429.09,2951.97,237.0,179.6,0.9325
2024-03-26,austin,all,447,6305,474,41,15301.94,2632.69,204.3,147.7,0.943
2024-03-27,austin,all,510,6754,549,50,19031.95,3477.99,220.8,180.3,0.929
2024-03-28,austin,all,499,7079,529,36,19471.19,3642.58,234.0,173.5,0.9433
2024-03-29,austin,all,586,7948,621,48,21502.22,4043.38,307.3,242.5,0.9436
2024-03-30,austin,all,648,8914,668,75,21943.99,3768.99,315.2,248.2,0.9701
2024-03-31,austin,all,530,7298,558,38,18461.69,3389.69,291.1,232.1,0.9498
